Compte,empty,Type
Leonya,0.0,Bot
cf-gitbot,0.0,Bot
stale,0.0,Bot
VesnaT,0.0,Bot
k8s-ci-robot,0.0,Bot
Page-,0.0,Bot
samhatoum,0.0,Bot
whulshof,0.0,Bot
fejta-bot,0.0,Bot
lock,0.0,Bot
reimannf,0.0,Bot
0crat,0.0,Bot
rultor,0.0,Bot
miq-bot,0.0,Bot
dsmjs-bot,0.0,Bot
hn-bot,0.0,Bot
alexandernanberg,0.0,Bot
watson-github-bot,0.0,Bot
openshift-ci-robot,0.0,Bot
openshift-bot,0.0,Bot
kubevirt-bot,0.0,Bot
HT2Bot,0.0,Bot
hubotbot,0.0,Bot
caicloud-bot,0.0,Bot
octokitbot,0.0,Bot
gaugebot,0.0,Bot
semantic-release-bot,0.0,Bot
atomist-bot,0.0,Bot
moltinbot,0.0,Bot
etcd-bot,0.0,Bot
jetstack-bot,0.0,Bot
sailsbot,0.0,Bot
yii-bot,0.0,Bot
greenkeeperio-bot,0.0,Bot
oclif-bot,0.0,Bot
jekyllbot,0.0,Bot
stoplight-bot,0.0,Bot
styleguidist-bot,0.0,Bot
mike-north-bot,0.0,Bot
shaka-bot,0.0,Bot
qiwibot,0.0,Bot
hawkbit-bot,0.0,Bot
electron-bot,0.0,Bot
angular-automatic-lock-bot,0.0,Bot
travi-bot,0.0,Bot
SupportClass-bot,0.0,Bot
probot-shopify,0.0,Bot
knative-prow-robot,0.0,Bot
ApiaryBot,0.0,Bot
go-cloud-bot,0.0,Bot
react-native-community-bot,0.0,Bot
adobe-bot,0.0,Bot
owo-bot,0.0,Bot
5iMON-bot,0.0,Bot
form8ion-bot,0.0,Bot
lonabot,0.0,Bot
pouchrobot,0.0,Bot
realm-probot,0.0,Bot
commitizen-bot,0.0,Bot
Staffbot,0.0,Bot
kubermatic-bot,0.0,Bot
ladybugbot,0.0,Bot
sourcegraph-bot,0.0,Bot
whateverbot,0.0,Bot
acs-bot,0.0,Bot
gitmate-bot,0.0,Bot
traverson-bot,0.0,Bot
sofastack-bot,0.0,Bot
vis-bot,0.0,Bot
concourse-bot,0.0,Bot
IssueHuntBot,0.0,Bot
nativescript-vue-bot,0.0,Bot
metal3-io-bot,0.0,Bot
karmarunnerbot,0.0,Bot
sre-bot,0.0,Bot
knative-test-reporter-robot,0.0,Bot
hospitalrunbot,0.0,Bot
zorro-bot,0.0,Bot
msft-github-bot,0.0,Bot
cypress-bot,0.0,Bot
che-bot,0.0,Bot
istio-policy-bot,0.0,Bot
tekton-robot,0.0,Bot
openshift-azure-robot,0.0,Bot
pfn-ci-bot,0.0,Bot
pull-bot,0.0,Bot
webpack-bot,0.0,Bot
jenkins-x-bot,0.0,Bot
metamaskbot,0.0,Bot
PWAStudioBot,0.0,Bot
dhis2-bot,0.0,Bot
pirate-bot,0.0,Bot
tykbot,0.0,Bot
status-github-bot,0.0,Bot
ng-zorro-bot,0.0,Bot
weex-bot,0.0,Bot
cozy-bot,0.0,Bot
google-oss-bot,0.0,Bot
botcerts,0.0,Bot
nockbot,0.0,Bot
retest-bot,0.0,Bot
ross-bott,0.0,Bot
MidLevel-Bot,0.0,Bot
hacs-bot,0.0,Bot
gitcoinbot,0.0,Bot
oni-bot,0.0,Bot
open-collective-bot,0.0,Bot
jw-issue-bot,0.0,Bot
tessel-crashbot,0.0,Bot
vscodebot,0.0,Bot
aio-libs-bot,0.0,Bot
issue-label-bot,0.0,Bot
appsflyerbot,0.0,Bot
knative-housekeeping-robot,0.0,Bot
matts-bot,0.0,Bot
taro-ui-bot,0.0,Bot
assemblebot,0.0,Bot
robotccm,0.0,Bot
egg-bot,0.0,Bot
babel-bot,0.0,Bot
QacoBot,0.0,Bot
devtools-bot,0.0,Bot
taro-bot,0.0,Bot
yarnbot,0.0,Bot
glassfishrobot,0.0,Bot
gitpod-io-legacy-app,0.0,Bot
az-iot-builder-01,0.0,Bot
prettyCoders,0.0,Bot
ddes-ci,0.0,Bot
nexus-ci,0.0,Bot
stencila-ci,0.0,Bot
infinitered-circleci,0.0,Bot
smartcar-ci,0.0,Bot
hft-team-city,0.0,Bot
pika-ci,0.0,Bot
balena-ci,0.0,Bot
yoshi-automation,0.0,Bot
arcus-automation,0.0,Bot
Google-Autofuzz,0.0,Bot
request-info,0.0,Bot
github-actions,0.0,Bot
sebbo2002,0.0,Bot
miki725,0.0,Human
wti806,0.0,Human
FrankD412,0.0,Human
ramya-rao-a,0.0,Human
yu199195,0.0,Human
erlepereira,0.0,Human
cjermain,0.0,Human
ericchiang,0.0,Human
SamHames,0.0,Human
edsu,0.0,Human
tkishel,0.0,Human
DavidS,0.0,Human
normj,0.0,Human
maxwellgerber,0.0,Human
tschaub,0.0,Human
wuxudong,0.0,Human
siddontang,0.0,Human
amyadzuki,0.0,Human
thomasp85,0.0,Human
y-takey,0.0,Human
robinmanuelthiel,0.0,Human
yurishkuro,0.0,Human
callum-oakley,0.0,Human
JesperLekland,0.0,Human
GSadee,0.0,Human
s0md3v,0.0,Human
AmauriC,0.0,Human
ralphbean,0.0,Human
chshersh,0.0,Human
slok,0.0,Human
yesmeck,0.0,Human
erikandre,0.0,Human
duncdrum,0.0,Human
nihalgonsalves,0.0,Human
captn3m0,0.0,Human
rsmekala,0.0,Human
bricesanchez,0.0,Human
chuanshuoye,0.0,Human
grgrzybek,0.0,Human
SamVerschueren,0.0,Human
peterbroadhurst,0.0,Human
rhelmot,0.0,Human
redgeoff,0.0,Human
justinlittman,0.0,Human
jsemler,0.0,Human
smithad15,0.0,Human
ihacku,0.0,Human
jancajthaml,0.0,Human
joelrebel,0.0,Human
jeffgbutler,0.0,Human
Kiikurage,0.0,Human
GaoJiasheng,0.0,Human
Zales0123,0.0,Human
faisalman,0.0,Human
HazAT,0.0,Human
swissspidy,0.0,Human
salgum1114,0.0,Human
kkoumantaros,0.0,Human
wnxn,0.0,Human
gbastien,0.0,Human
vincentfretin,0.0,Human
sbinet,0.0,Human
DvdMgr,0.0,Human
springmeyer,0.0,Human
jaumard,0.0,Human
ciscoheat,0.0,Human
ElRaptorus,0.0,Human
mosquito,0.0,Human
aokumasan,0.0,Human
snoyberg,0.0,Human
thedrow,0.0,Human
auvipy,0.0,Human
decadence,0.0,Human
peterdettman,0.0,Human
NickNeck,0.0,Human
cmswalker,0.0,Human
alvarotrigo,0.0,Human
galvesribeiro,0.0,Human
syndbg,0.0,Human
iwasaki-kenta,0.0,Human
hSaria,0.0,Human
scottbedard,0.0,Human
LukeTowers,0.0,Human
jaredallard,0.0,Human
Hypnosphi,0.0,Human
wonderflow,0.0,Human
csoltenborn,0.0,Human
s-nakajima,0.0,Human
rminnich,0.0,Human
jmrodri,0.0,Human
faiface,0.0,Human
markya0616,0.0,Human
fredwangwang,0.0,Human
matfish2,0.0,Human
ClaraBuettner,0.0,Human
doug-martin,0.0,Human
ai,0.0,Human
w0rm,0.0,Human
alshakero,0.0,Human
daviscabral,0.0,Human
aksonov,0.0,Human
kud,0.0,Human
vieron,0.0,Human
silasdavis,0.0,Human
tophsic,0.0,Human
sabas,0.0,Human
sfriedel,0.0,Human
chris-ramon,0.0,Human
bootstraponline,0.0,Human
visualfc,0.0,Human
cordoval,0.0,Human
stephpy,0.0,Human
mhchia,0.0,Human
revolunet,0.0,Human
dingo-d,0.0,Human
TriangleJuice,0.0,Human
mhallin,0.0,Human
alimanfoo,0.0,Human
nuxzero,0.0,Human
soffchen,0.0,Human
nadoo,0.0,Human
BryanApellanes,0.0,Human
drewsonne,0.0,Human
KacperMadej,0.0,Human
cvasseng,0.0,Human
gregberge,0.0,Human
kortschak,0.0,Human
oberbichler,0.0,Human
gfinak,0.0,Human
andrewimm,0.0,Human
jdolitsky,0.0,Human
mykola-mokhnach,0.0,Human
scottcorgan,0.0,Human
jongmoon,0.0,Human
jcraigk,0.0,Human
Arkounay,0.0,Human
integrii,0.0,Human
shockey,0.0,Human
jaqx0r,0.0,Human
sequoiaat,0.0,Human
kinggoesgaming,0.0,Human
jrobeson,0.0,Human
lucaslorentz,0.0,Human
ruimarinho,0.0,Human
tomkerkhove,0.0,Human
vlttnv,0.0,Human
Gbuomprisco,0.0,Human
ondrej-fabry,0.0,Human
DjebbZ,0.0,Human
MortalFlesh,0.0,Human
maciejtreder,0.0,Human
dcousens,0.0,Human
ekohl,0.0,Human
marjan-georgiev,0.0,Human
tartley,0.0,Human
junderw,0.0,Human
nicolaasuni,0.0,Human
ankurs,0.0,Human
SML-MeSo,0.0,Human
plazma-prizma,0.0,Human
taku910,0.0,Human
zsquareplusc,0.0,Human
euvl,0.0,Human
dbaeumer,0.0,Human
deepakkumar1984,0.0,Human
PuercoPop,0.0,Human
davazp,0.0,Human
kevinmehall,0.0,Human
Tasteful,0.0,Human
anntzer,0.0,Human
icy,0.0,Human
skyesx,0.0,Human
dreampiggy,0.0,Human
gavinorland,0.0,Human
cuining,0.0,Human
ajayns,0.0,Human
dborsatto,0.0,Human
ltparis2018,0.0,Human
JimGreenberg,0.0,Human
MindFlavor,0.0,Human
sohamkamani,0.0,Human
italolelis,0.0,Human
rShetty,0.0,Human
bgrainger,0.0,Human
tarampampam,0.0,Human
allencloud,0.0,Human
ymmt2005,0.0,Human
vmarkovtsev,0.0,Human
dhollinger,0.0,Human
amay077,0.0,Human
AnthonyBloomer,0.0,Human
samussiah,0.0,Human
danedexF5,0.0,Human
eed3si9n,0.0,Human
mikem8361,0.0,Human
garethahealy,0.0,Human
kazuki43zoo,0.0,Human
ebussieres,0.0,Human
jcfr,0.0,Human
zreichert,0.0,Human
msaps,0.0,Human
shrektan,0.0,Human
aelanman,0.0,Human
MatthewDolan,0.0,Human
sqweelygig,0.0,Human
savage-engineer,0.0,Human
tobilg,0.0,Human
PTaylour,0.0,Human
matthewhanson,0.0,Human
sserrata,0.0,Human
gerhardsletten,0.0,Human
AVVS,0.0,Human
twolfson,0.0,Human
greenkeeper,0.0,Human
sparhami,0.0,Human
ponychicken,0.0,Human
jonobr1,0.0,Human
jessfraz,0.0,Human
frezbo,0.0,Human
maartenbreddels,0.0,Human
MichaelAquilina,0.0,Human
timfallmk,0.0,Human
daschult,0.0,Human
RikkiGibson,0.0,Human
rdmurphy,0.0,Human
palewire,0.0,Human
andersondalmina,0.0,Human
juliabpp,0.0,Human
ljharb,0.0,Human
tylertreat,0.0,Human
stereobooster,0.0,Human
jdeeburke,0.0,Human
mikaoj,0.0,Human
hamzahamidi,0.0,Human
davesque,0.0,Human
edgurgel,0.0,Human
dmacthedestroyer,0.0,Human
dylans,0.0,Human
MattHodge,0.0,Human
pmarks,0.0,Human
johngian,0.0,Human
dipinhora,0.0,Human
spartan218,0.0,Human
ppolewicz,0.0,Human
bwbeach,0.0,Human
mickhansen,0.0,Human
SeanHayes,0.0,Human
beyerleinf,0.0,Human
wessmith,0.0,Human
dkent600,0.0,Human
gerkovink,0.0,Human
stefvanbuuren,0.0,Human
genevieve,0.0,Human
rowanjacobs,0.0,Human
derkan,0.0,Human
dgoodwin,0.0,Human
csrwng,0.0,Human
martindurant,0.0,Human
matthewdfuller,0.0,Human
fredliporace,0.0,Human
darrachequesne,0.0,Human
boz,0.0,Human
bradvogel,0.0,Human
cpu,0.0,Human
brendan-ward,0.0,Human
akrabat,0.0,Human
t-kelly,0.0,Human
jonathanmoore,0.0,Human
dan-gamble,0.0,Human
varahash,0.0,Human
nikhilym,0.0,Human
suzuki-shunsuke,0.0,Human
taion,0.0,Human
tdewolff,0.0,Human
liabru,0.0,Human
Roasbeef,0.0,Human
Shouqun,0.0,Human
oleavr,0.0,Human
smikula,0.0,Human
hadjipantelis,0.0,Human
topepo,0.0,Human
dgassaway,0.0,Human
mcdonc,0.0,Human
bertjwregeer,0.0,Human
prescottprue,0.0,Human
hnovikov,0.0,Human
Christina-Kang,0.0,Human
samedder,0.0,Human
akshayjshah,0.0,Human
buschtoens,0.0,Human
dfreeman,0.0,Human
papandreou,0.0,Human
sumitkdey,0.0,Human
mschuchard,0.0,Human
texastoland,0.0,Human
JamesHenry,0.0,Human
tnrich,0.0,Human
oyed,0.0,Human
waigani,0.0,Human
emersonwood,0.0,Human
colin-marshall,0.0,Human
jayair,0.0,Human
fetrarij,0.0,Human
fzerorubigd,0.0,Human
SirePi,0.0,Human
ilexp,0.0,Human
jamienoss,0.0,Human
pllim,0.0,Human
JoshKarpel,0.0,Human
comtihon,0.0,Human
GermanBluefox,0.0,Human
Tanner-MS,0.0,Human
wcjordan,0.0,Human
wernerglinka,0.0,Human
feltech,0.0,Human
ZNick1982,0.0,Human
Chethannp,0.0,Human
frankus,0.0,Human
Scrum,0.0,Human
joelmartinez,0.0,Human
nelio2k,0.0,Human
heynext,0.0,Human
norkans7,0.0,Human
sharafian,0.0,Human
jmmv,0.0,Human
Mogball,0.0,Human
kytrinyx,0.0,Human
pstehlik,0.0,Human
manofstick,0.0,Human
iamcal,0.0,Human
ARolek,0.0,Human
mrmrs,0.0,Human
heyzooi,0.0,Human
Widdershin,0.0,Human
staltz,0.0,Human
kashike,0.0,Human
sameb,0.0,Human
jamiealquiza,0.0,Human
grofit,0.0,Human
jridgewell,0.0,Human
jkasten2,0.0,Human
gliptak,0.0,Human
jessepeterson,0.0,Human
istarkov,0.0,Human
ludwigschubert,0.0,Human
Ntonio36,0.0,Human
maxbrunsfeld,0.0,Human
Nightsd01,0.0,Human
b4dnewz,0.0,Human
anishkny,0.0,Human
vitorbal,0.0,Human
asyncanup,0.0,Human
jpeach,0.0,Human
zalmoxisus,0.0,Human
ajoymajumdar,0.0,Human
qoomon,0.0,Human
michelvocks,0.0,Human
Skarlso,0.0,Human
abhinav,0.0,Human
johnstill,0.0,Human
zachferland,0.0,Human
ryan-rs,0.0,Human
kerrykimbrough,0.0,Human
sseide,0.0,Human
mitsuhiko,0.0,Human
rmfitzpatrick,0.0,Human
jrburke,0.0,Human
Nihlus,0.0,Human
luchotc,0.0,Human
rodri042,0.0,Human
flbulgarelli,0.0,Human
hanabi1224,0.0,Human
vkcn,0.0,Human
snakefoot,0.0,Human
JDetmar,0.0,Human
wilzbach,0.0,Human
Hackerpilot,0.0,Human
FireController1847,0.0,Human
fent,0.0,Human
wieslawsoltes,0.0,Human
cugini-dbx,0.0,Human
greatislander,0.0,Human
schlessera,0.0,Human
dabernathy89,0.0,Human
jasonyin,0.0,Human
lukasz-pyrzyk,0.0,Human
peburrows,0.0,Human
mattsb42-aws,0.0,Human
ef4,0.0,Human
bcomnes,0.0,Human
futuregerald,0.0,Human
calavera,0.0,Human
editicalu,0.0,Human
mhammond,0.0,Human
jaffee,0.0,Human
chessai,0.0,Human
andrewthad,0.0,Human
alexgrozav,0.0,Human
MabezDev,0.0,Human
mauricius,0.0,Human
Shesekino,0.0,Human
rossta,0.0,Human
farskipper,0.0,Human
nkubala,0.0,Human
grant-d,0.0,Human
jcdickinson,0.0,Human
lpinca,0.0,Human
3rd-Eden,0.0,Human
kvesteri,0.0,Human
rdvelazquez,0.0,Human
ztellman,0.0,Human
MonkeyDZeke,0.0,Human
dboskovic,0.0,Human
pokoli,0.0,Human
rodrigc,0.0,Human
rmp135,0.0,Human
pedrobaeza,0.0,Human
kataras,0.0,Human
justmoon,0.0,Human
CodyReichert,0.0,Human
shomron,0.0,Human
hdevalence,0.0,Human
jimmynotjim,0.0,Human
max3903,0.0,Human
gmyenni,0.0,Human
felixfiskare,0.0,Human
LJaraCastillo,0.0,Human
kaczmarj,0.0,Human
patricioe,0.0,Human
estambakio-sc,0.0,Human
dustinmm80,0.0,Human
sgnn7,0.0,Human
fearthecowboy,0.0,Human
tsloughter,0.0,Human
andmos,0.0,Human
SolomoN-ua,0.0,Human
kkemple,0.0,Human
dchabot,0.0,Human
newville,0.0,Human
hhslepicka,0.0,Human
Rich-Harris,0.0,Human
wbhob,0.0,Human
FezVrasta,0.0,Human
bdunne,0.0,Human
xz64,0.0,Human
yoheimuta,0.0,Human
timperrett,0.0,Human
kawych,0.0,Human
cwtuan,0.0,Human
pepyakin,0.0,Human
dazuma,0.0,Human
sschmidTU,0.0,Human
0xfe,0.0,Human
afc163,0.0,Human
jonahgraham,0.0,Human
eikenb,0.0,Human
RobinBuschmann,0.0,Human
wkeese,0.0,Human
brianegan,0.0,Human
ababic,0.0,Human
MarekKojder,0.0,Human
alexlamsl,0.0,Human
Link512,0.0,Human
kood1,0.0,Human
Ghnuberath,0.0,Human
fm-tibco,0.0,Human
cblomart,0.0,Human
martinRenou,0.0,Human
kristfal,0.0,Human
rejas,0.0,Human
mjpt777,0.0,Human
roman01la,0.0,Human
faizanahmad055,0.0,Human
thiagobustamante,0.0,Human
chuckdumont,0.0,Human
g105b,0.0,Human
sammynx,0.0,Human
jalvz,0.0,Human
gruberrolandvaltech,0.0,Human
Naktibalda,0.0,Human
MaikuB,0.0,Human
saniales,0.0,Human
bitbager,0.0,Human
zBritva,0.0,Human
nical,0.0,Human
vanniktech,0.0,Human
marc92w,0.0,Human
GreLI,0.0,Human
dkukharau,0.0,Human
bjodah,0.0,Human
osherdp,0.0,Human
krasoffski,0.0,Human
thrawn01,0.0,Human
andresgnlez,0.0,Human
phaazon,0.0,Human
nathanbowser,0.0,Human
mattsgarlata,0.0,Human
missinglink,0.0,Human
vmx,0.0,Human
achingbrain,0.0,Human
davegurnell,0.0,Human
pvillega,0.0,Human
eduardoboucas,0.0,Human
unlucio,0.0,Human
AaronHForgeFlow,0.0,Human
bsnacks000,0.0,Human
midnight-wonderer,0.0,Human
bojeil-google,0.0,Human
ngoldbaum,0.0,Human
vperron,0.0,Human
johnwmillr,0.0,Human
javagl,0.0,Human
Robdel12,0.0,Human
andrew-boyarshin,0.0,Human
mungojam,0.0,Human
hvanbakel,0.0,Human
jdef,0.0,Human
johannwagner,0.0,Human
felixrindt,0.0,Human
ssm,0.0,Human
mafintosh,0.0,Human
ianstormtaylor,0.0,Human
0xjac,0.0,Human
gutschilla,0.0,Human
okartau,0.0,Human
erikbarke,0.0,Human
stof,0.0,Human
lyrixx,0.0,Human
taflanidi,0.0,Human
shi-yuan,0.0,Human
lekkas,0.0,Human
ChadKillingsworth,0.0,Human
jarun,0.0,Human
Battenburg,0.0,Human
djmitche,0.0,Human
petemoore,0.0,Human
rynam0,0.0,Human
balintk,0.0,Human
odrotbohm,0.0,Human
CrossR,0.0,Human
metaodi,0.0,Human
jzaleski,0.0,Human
micvbang,0.0,Human
markus-wa,0.0,Human
erwinvaneyk,0.0,Human
gmoura,0.0,Human
zachmoody,0.0,Human
Nyholm,0.0,Human
mkorszun,0.0,Human
nemesisdesign,0.0,Human
rohithasrk,0.0,Human
GuillaumeJasmin,0.0,Human
jamesplease,0.0,Human
dpb587-pivotal,0.0,Human
CendioOssman,0.0,Human
DirectXMan12,0.0,Human
SebastienElet,0.0,Human
foxriver76,0.0,Human
hippiehunter,0.0,Human
akyoto,0.0,Human
divyenduz,0.0,Human
timsuchanek,0.0,Human
apfelbox,0.0,Human
dannyjacobs,0.0,Human
phogel,0.0,Human
nc6,0.0,Human
wadackel,0.0,Human
TylerCarlson1,0.0,Human
jbogard,0.0,Human
riceric22,0.0,Human
radu-matei,0.0,Human
Niko-r,0.0,Human
ripienaar,0.0,Human
justuseapen,0.0,Human
danwalmsley,0.0,Human
feross,0.0,Human
messense,0.0,Human
LKI,0.0,Human
Samuell1,0.0,Human
jaibatrik,0.0,Human
bhauman,0.0,Human
riccardonar,0.0,Human
kasparsd,0.0,Human
izmmisha,0.0,Human
frerich,0.0,Human
Cascades,0.0,Human
floehopper,0.0,Human
preaction,0.0,Human
autarch,0.0,Human
piotrmurach,0.0,Human
vmchukky,0.0,Human
chelm,0.0,Human
BenoitZugmeyer,0.0,Human
ttacon,0.0,Human
j-f1,0.0,Human
corbinu,0.0,Human
JayVora-SerpentCS,0.0,Human
tiliev,0.0,Human
GuilhemN,0.0,Human
dr-dimitru,0.0,Human
beanieboi,0.0,Human
gregsdennis,0.0,Human
phamtuan2993,0.0,Human
davesmith00000,0.0,Human
wolfy-j,0.0,Human
poy,0.0,Human
mweststrate,0.0,Human
jjd314,0.0,Human
vberger,0.0,Human
boopathi,0.0,Human
cekk,0.0,Human
daffidwilde,0.0,Human
lafita,0.0,Human
YannickJadoul,0.0,Human
coelho,0.0,Human
Jason3S,0.0,Human
Mahsaap,0.0,Human
janeeisenstein,0.0,Human
Sacharified,0.0,Human
jhkennedy,0.0,Human
insomniacslk,0.0,Human
ericsoderberghp,0.0,Human
vasili-v,0.0,Human
tonivade,0.0,Human
cpcloud,0.0,Human
wesm,0.0,Human
Hironsan,0.0,Human
alixdamman,0.0,Human
chinedufn,0.0,Human
alisonjoseph,0.0,Human
BoldMonday,0.0,Human
seejamescode,0.0,Human
StevenMaude,0.0,Human
kb2623,0.0,Human
dominikholler,0.0,Human
guewen,0.0,Human
sbidoul,0.0,Human
lmignon,0.0,Human
stalniy,0.0,Human
supercodepoet,0.0,Human
basvanbeek,0.0,Human
afshin,0.0,Human
laurentlb,0.0,Human
alandonovan,0.0,Human
jgrund,0.0,Human
larsonjj,0.0,Human
chazeon,0.0,Human
omangin,0.0,Human
iocanel,0.0,Human
dominictarr,0.0,Human
idubnori,0.0,Human
narr,0.0,Human
ppetrosh,0.0,Human
nglasl,0.0,Human
Sambego,0.0,Human
mjs,0.0,Human
Davo36,0.0,Human
abetomo,0.0,Human
slimslenderslacks,0.0,Human
vaastav,0.0,Human
fractalwrench,0.0,Human
jdsutherland,0.0,Human
imedina,0.0,Human
skt44,0.0,Human
shepmaster,0.0,Human
carllerche,0.0,Human
Drapegnik,0.0,Human
stepancheg,0.0,Human
DiegoRBaquero,0.0,Human
GlenDC,0.0,Human
udl,0.0,Human
stephendonner,0.0,Human
lawder,0.0,Human
Helow19274,0.0,Human
python273,0.0,Human
j0tunn,0.0,Human
nange,0.0,Human
danez,0.0,Human
henrylee2cn,0.0,Human
diasbruno,0.0,Human
RichardKnop,0.0,Human
davehunt,0.0,Human
JustBlackBird,0.0,Human
everplays,0.0,Human
tkruse,0.0,Human
mmerickel,0.0,Human
swlkr,0.0,Human
alexpan0610,0.0,Human
dormando,0.0,Human
shawnbot,0.0,Human
AkihiroSuda,0.0,Human
dlipovetsky,0.0,Human
senntyou,0.0,Human
lamhieu-vk,0.0,Human
maslianok,0.0,Human
ericodell,0.0,Human
ashleygould,0.0,Human
andrehp,0.0,Human
joshuaskelly,0.0,Human
Chiiruno,0.0,Human
bakape,0.0,Human
stevepiercy,0.0,Human
gedge,0.0,Human
mirko-pagliai,0.0,Human
maxiwoj,0.0,Human
SylwiaGargula,0.0,Human
tisba,0.0,Human
Julien-Molina,0.0,Human
ben181231,0.0,Human
LinusU,0.0,Human
mindthegab,0.0,Human
jasonz1987,0.0,Human
36degrees,0.0,Human
nicolafranchini,0.0,Human
DmitryBaranovskiy,0.0,Human
Senyoret1,0.0,Human
gz-c,0.0,Human
bitprophet,0.0,Human
FlyingBird95,0.0,Human
smoench,0.0,Human
Mulugruntz,0.0,Human
cryptobioz,0.0,Human
vektah,0.0,Human
displague,0.0,Human
kevinadi,0.0,Human
harti2006,0.0,Human
rpl,0.0,Human
whiskeysierra,0.0,Human
JeroenDeDauw,0.0,Human
mwjames,0.0,Human
gambol99,0.0,Human
calum-chamberlain,0.0,Human
adkerr,0.0,Human
leejarvis,0.0,Human
shin-,0.0,Human
epheph,0.0,Human
joeruello,0.0,Human
BrockReece,0.0,Human
brockpetrie,0.0,Human
brarcher,0.0,Human
cosven,0.0,Human
mpsido,0.0,Human
hanwen,0.0,Human
mminns,0.0,Human
b4b4r07,0.0,Human
scrapper,0.0,Human
NOtherDev,0.0,Human
epels,0.0,Human
matkoch,0.0,Human
kazuhikoarase,0.0,Human
temsa,0.0,Human
timglabisch,0.0,Human
theofidry,0.0,Human
danpersa,0.0,Human
gdementen,0.0,Human
dokato,0.0,Human
mmoreram,0.0,Human
palashmon,0.0,Human
martin31821,0.0,Human
seven1986,0.0,Human
thomas-crane,0.0,Human
tianxiaoliang,0.0,Human
mfherbst,0.0,Human
dmitrizzle,0.0,Human
tadashi-aikawa,0.0,Human
glennsl,0.0,Human
shahidhk,0.0,Human
abz53378,0.0,Human
terrycain,0.0,Human
sonofmun,0.0,Human
PonteIneptique,0.0,Human
jone,0.0,Human
jayands,0.0,Human
themasch,0.0,Human
Songmu,0.0,Human
leonsenft,0.0,Human
nomiddlename,0.0,Human
1991wangliang,0.0,Human
CarstenHollmann,0.0,Human
kumakichi,0.0,Human
davidgoli,0.0,Human
arolson101,0.0,Human
9seconds,0.0,Human
anthonychu,0.0,Human
dannyvankooten,0.0,Human
phax,0.0,Human
vasturiano,0.0,Human
archerzz,0.0,Human
themyth92,0.0,Human
sdboyer,0.0,Human
theckman,0.0,Human
kevinburke,0.0,Human
codingjoe,0.0,Human
adhatama,0.0,Human
leo,0.0,Human
zibs,0.0,Human
alexfernandez,0.0,Human
aichholzer,0.0,Human
chamerling,0.0,Human
javabrett,0.0,Human
probablyup,0.0,Human
YOUR-WORST-TACO,0.0,Human
deviantfero,0.0,Human
leemannd,0.0,Human
AlCalzone,0.0,Human
astirpe,0.0,Human
mariomka,0.0,Human
mar10,0.0,Human
benbrown,0.0,Human
elazar-lb,0.0,Human
elazarl,0.0,Human
jmartin82,0.0,Human
julianschiavo,0.0,Human
jcampbell05,0.0,Human
AvdLee,0.0,Human
Boris-Em,0.0,Human
martinpaljak,0.0,Human
StefH,0.0,Human
neargle,0.0,Human
adamwaite,0.0,Human
serathius,0.0,Human
akosyakov,0.0,Human
svenefftinge,0.0,Human
obiot,0.0,Human
Loque-,0.0,Human
Lukas0907,0.0,Human
foxbenjaminfox,0.0,Human
hubo1016,0.0,Human
louisgv,0.0,Human
opichals,0.0,Human
3lvis,0.0,Human
mgravell,0.0,Human
NickCraver,0.0,Human
zachborboa,0.0,Human
zxol,0.0,Human
NetanelBasal,0.0,Human
madskristensen,0.0,Human
AlanSl,0.0,Human
geovanisouza92,0.0,Human
SimonVT,0.0,Human
zombieJ,0.0,Human
VeaaC,0.0,Human
boxdot,0.0,Human
emilianodellacasa,0.0,Human
yegor256,0.0,Human
ypshenychka,0.0,Human
bboreham,0.0,Human
lckr,0.0,Human
dhirschfeld,0.0,Human
fpoli,0.0,Human
laumann,0.0,Human
etingof,0.0,Human
arnaudroger,0.0,Human
c3dr0x,0.0,Human
Gerrit0,0.0,Human
nicolas-grekas,0.0,Human
Tobion,0.0,Human
fabpot,0.0,Human
tomwilkie,0.0,Human
sushanthakumar,0.0,Human
nirinchev,0.0,Human
shytikov,0.0,Human
rmeissner,0.0,Human
Georgi87,0.0,Human
haraldk,0.0,Human
MrSerth,0.0,Human
MihaiTabara,0.0,Human
mrhead,0.0,Human
barnabasJ,0.0,Human
gunnihinn,0.0,Human
amckague,0.0,Human
AlekseyMartynov,0.0,Human
prolic,0.0,Human
bwoebi,0.0,Human
kelunik,0.0,Human
troch,0.0,Human
stefanpenner,0.0,Human
sjperkins,0.0,Human
PizzaBrandon,0.0,Human
SKalt,0.0,Human
davetcc,0.0,Human
sarahvc,0.0,Human
roxana-muresan,0.0,Human
scottgigante,0.0,Human
rdeits,0.0,Human
pfitzseb,0.0,Human
travigd,0.0,Human
dmethvin-gov,0.0,Human
annekainicUSDS,0.0,Human
dhmlau,0.0,Human
basst314,0.0,Human
pvanlaar,0.0,Human
timpalpant,0.0,Human
vadimtsushko,0.0,Human
vorce,0.0,Human
aviau,0.0,Human
stapelberg,0.0,Human
nicoddemus,0.0,Human
RonnyPfannschmidt,0.0,Human
poveden,0.0,Human
pveentjer,0.0,Human
dtantsur,0.0,Human
blink1073,0.0,Human
mattstauffer,0.0,Human
tj,0.0,Human
RobinCK,0.0,Human
satyaranjanp,0.0,Human
sstok,0.0,Human
Propanu,0.0,Human
asaskevich,0.0,Human
clayreimann,0.0,Human
michaelleeallen,0.0,Human
niksy,0.0,Human
sleto-it,0.0,Human
vdboor,0.0,Human
haroal,0.0,Human
Victor804,0.0,Human
amymcgovern,0.0,Human
rsolorzano2410,0.0,Human
jtuttle,0.0,Human
reneklacan,0.0,Human
dceejay,0.0,Human
jakzal,0.0,Human
mbjoseph,0.0,Human
k1LoW,0.0,Human
amasad,0.0,Human
mzgoddard,0.0,Human
EgorBo,0.0,Human
hwd71,0.0,Human
edbizarro,0.0,Human
mmatczuk,0.0,Human
yoshoku,0.0,Human
wojtek0806,0.0,Human
GromNaN,0.0,Human
j0k3r,0.0,Human
jc00ke,0.0,Human
b3nl,0.0,Human
filipsch,0.0,Human
rxaviers,0.0,Human
mbacovsky,0.0,Human
kidpixo,0.0,Human
Xonshiz,0.0,Human
darodi,0.0,Human
dsanchezseco,0.0,Human
jzaefferer,0.0,Human
sernst,0.0,Human
davidcassany,0.0,Human
Karamuto,0.0,Human
udos86,0.0,Human
ajdapretnar,0.0,Human
jwinzer,0.0,Human
FinnStutzenstein,0.0,Human
norio-nomura,0.0,Human
jpsim,0.0,Human
viljamis,0.0,Human
jmcs,0.0,Human
martincostello,0.0,Human
brennerm,0.0,Human
brandonocasey,0.0,Human
jhoongo,0.0,Human
jechols,0.0,Human
niksajakovljevic,0.0,Human
thomseddon,0.0,Human
mjsalinger,0.0,Human
czyzby,0.0,Human
sf105,0.0,Human
tumbarumba,0.0,Human
jimlambie,0.0,Human
henriquenfaria,0.0,Human
samtstern,0.0,Human
nschonni,0.0,Human
prmiles,0.0,Human
edre,0.0,Human
JRaspass,0.0,Human
davidfischer,0.0,Human
nelhage,0.0,Human
chipbell4,0.0,Human
monsieurtanuki,0.0,Human
spyhunter99,0.0,Human
dmwit,0.0,Human
SmileyChris,0.0,Human
brian-brazil,0.0,Human
GabLeRoux,0.0,Human
schmave,0.0,Human
anselmbradford,0.0,Human
contolini,0.0,Human
andywer,0.0,Human
otaviojava,0.0,Human
commenthol,0.0,Human
oleksandr-pavlyk,0.0,Human
filipw,0.0,Human
khellang,0.0,Human
hynek,0.0,Human
ariesdevil,0.0,Human
alexis-via,0.0,Human
tjwp,0.0,Human
soumak77,0.0,Human
briantq,0.0,Human
willprice,0.0,Human
faressoft,0.0,Human
miha-stopar,0.0,Human
walkermatt,0.0,Human
jonataswalker,0.0,Human
waylan,0.0,Human
lanzagar,0.0,Human
Amaimersion,0.0,Human
Hyuchia,0.0,Human
SBoudrias,0.0,Human
jdufresne,0.0,Human
bobdenotter,0.0,Human
kornelski,0.0,Human
iwillspeak,0.0,Human
tansengming,0.0,Human
maffeyl,0.0,Human
reckart,0.0,Human
Apollon77,0.0,Human
hampustagerud,0.0,Human
MscrmTools,0.0,Human
sonaye,0.0,Human
chshapiro,0.0,Human
nfriedly,0.0,Human
marionebl,0.0,Human
Mmdixon,0.0,Human
jameswnl,0.0,Human
javan,0.0,Human
akhila-raju,0.0,Human
mkaz,0.0,Human
Syndace,0.0,Human
joker234,0.0,Human
dpvc,0.0,Human
zorkow,0.0,Human
kvark,0.0,Human
Lenka42,0.0,Human
grahammendick,0.0,Human
jamescryer,0.0,Human
waseem-h,0.0,Human
paragonie-scott,0.0,Human
zonyitoo,0.0,Human
sevenTiny,0.0,Human
bdwain,0.0,Human
PLNech,0.0,Human
MitkoTschimev,0.0,Human
casperisfine,0.0,Human
muan,0.0,Human
jpichon,0.0,Human
bartolkaruza,0.0,Human
trevorstephens,0.0,Human
axic,0.0,Human
samdark,0.0,Human
zidad,0.0,Human
perry-mitchell,0.0,Human
etix,0.0,Human
DevYukine,0.0,Human
XhmikosR,0.0,Human
JanOuborny,0.0,Human
dimabory,0.0,Human
vladikoff,0.0,Human
FagnerMartinsBrack,0.0,Human
karmi,0.0,Human
Webdown404,0.0,Human
holgerd77,0.0,Human
dmarcuse,0.0,Human
c0gent,0.0,Human
xliiv,0.0,Human
adamliter,0.0,Human
deargle,0.0,Human
bebraw,0.0,Human
jakirkham,0.0,Human
desilinguist,0.0,Human
diegoazh,0.0,Human
orhanobut,0.0,Human
StrahilKazlachev,0.0,Human
bigopon,0.0,Human
LordMike,0.0,Human
jfitisoff,0.0,Human
brianhie,0.0,Human
yoavaa,0.0,Human
TysonAndre,0.0,Human
edjubuh,0.0,Human
arcondello,0.0,Human
nikolaiwarner,0.0,Human
MurhafSousli,0.0,Human
hunterlong,0.0,Human
mikery,0.0,Human
romaric-juniet,0.0,Human
philips77,0.0,Human
TorisanKitsune,0.0,Human
rphillips,0.0,Human
aaronlevy,0.0,Human
tarmolov,0.0,Human
ribice,0.0,Human
francoispqt,0.0,Human
jfcere,0.0,Human
mads-hartmann,0.0,Human
mharista,0.0,Human
aldeed,0.0,Human
saudet,0.0,Human
ARyaskov,0.0,Human
tinybike,0.0,Human
Fonger,0.0,Human
vkarpov15,0.0,Human
thijstriemstra,0.0,Human
ToniA,0.0,Human
segiddins,0.0,Human
christian-fei,0.0,Human
damiani,0.0,Human
chhsiao90,0.0,Human
randy3k,0.0,Human
Azuka,0.0,Human
dchandekstark,0.0,Human
jeremeamia,0.0,Human
Ocramius,0.0,Human
jgrandja,0.0,Human
carsongee,0.0,Human
wsmitchell3,0.0,Human
AusIV,0.0,Human
sh-waqar,0.0,Human
leblancfg,0.0,Human
dnalborczyk,0.0,Human
Grinnz,0.0,Human
synzen,0.0,Human
ojkelly,0.0,Human
mbloch1986,0.0,Human
grelleum,0.0,Human
jdalton,0.0,Human
dg,0.0,Human
JanTvrdik,0.0,Human
glguy,0.0,Human
jtdaugherty,0.0,Human
pcarranza,0.0,Human
davidtheclark,0.0,Human
lavrton,0.0,Human
ear7h,0.0,Human
gdey,0.0,Human
phillipj,0.0,Human
redboltz,0.0,Human
jfcabral,0.0,Human
ipolevoy,0.0,Human
koloskof,0.0,Human
ruifigueira,0.0,Human
chkal,0.0,Human
mbraak,0.0,Human
andreynering,0.0,Human
Onno-Dirkzwager,0.0,Human
JesKingDev,0.0,Human
raymondfeng,0.0,Human
Arkni,0.0,Human
tterb,0.0,Human
bnaras,0.0,Human
alexsavio,0.0,Human
garygreen,0.0,Human
cferdinandi,0.0,Human
cbusbey,0.0,Human
EthanEChristian,0.0,Human
mrrodriguez,0.0,Human
WilliamParker,0.0,Human
santigimeno,0.0,Human
xdumaine,0.0,Human
erikeelde,0.0,Human
matthiask,0.0,Human
pascalberger,0.0,Human
alloy,0.0,Human
tagliala,0.0,Human
robmadole,0.0,Human
michaelplews,0.0,Human
alejandrogallo,0.0,Human
jsonmaur,0.0,Human
adamchainz,0.0,Human
zAfLu,0.0,Human
kevinchalet,0.0,Human
alanhamlett,0.0,Human
larskanis,0.0,Human
tomplus,0.0,Human
mhseiden,0.0,Human
smtakeda,0.0,Human
PierreQuentel,0.0,Human
linyows,0.0,Human
aswanipranjal,0.0,Human
valeriocos,0.0,Human
ShelbyZ,0.0,Human
dkundel,0.0,Human
zhi1ong,0.0,Human
kamijin-fanta,0.0,Human
hassansin,0.0,Human
pkopac,0.0,Human
astefanutti,0.0,Human
betatim,0.0,Human
jmettraux,0.0,Human
sebcrozet,0.0,Human
Ralith,0.0,Human
mengxiong10,0.0,Human
valscion,0.0,Human
blakeembrey,0.0,Human
ratson,0.0,Human
TalAmuyal,0.0,Human
slevy85,0.0,Human
darenju,0.0,Human
blacktop,0.0,Human
didierfranc,0.0,Human
weppos,0.0,Human
colinmarc,0.0,Human
johnmay,0.0,Human
mcollina,0.0,Human
peter279k,0.0,Human
mosen,0.0,Human
jrjohnson,0.0,Human
johnharris85,0.0,Human
thebsdbox,0.0,Human
michalkowal,0.0,Human
mesqueeb,0.0,Human
rcannood,0.0,Human
achille-roussel,0.0,Human
joni2back,0.0,Human
mantzas,0.0,Human
skaji,0.0,Human
cabauman,0.0,Human
bezysoftware,0.0,Human
rborer,0.0,Human
JiaLiPassion,0.0,Human
brandonbloom,0.0,Human
greglook,0.0,Human
ayiemba,0.0,Human
uwolfer,0.0,Human
cheton,0.0,Human
lorencarvalho,0.0,Human
iawia002,0.0,Human
hachi8833,0.0,Human
SamSaffron,0.0,Human
aheckmann,0.0,Human
hsbt,0.0,Human
gnestor,0.0,Human
nicolaskruchten,0.0,Human
gillesdemey,0.0,Human
CaoZhongZ,0.0,Human
Drenn1,0.0,Human
jangler,0.0,Human
asciimoo,0.0,Human
WasabiFan,0.0,Human
j9ac9k,0.0,Human
GrahamCampbell,0.0,Human
ruslanskorb,0.0,Human
dieu,0.0,Human
johnynek,0.0,Human
serhatbolsu,0.0,Human
izeye,0.0,Human
wilkinsona,0.0,Human
dyu,0.0,Human
brandur,0.0,Human
beardedeagle,0.0,Human
braegelno5,0.0,Human
tranchitam,0.0,Human
slandelle,0.0,Human
ejmr,0.0,Human
zonuexe,0.0,Human
apisit,0.0,Human
maxekman,0.0,Human
adamrauh,0.0,Human
markmfredrickson,0.0,Human
benthestatistician,0.0,Human
ndbroadbent,0.0,Human
ychin,0.0,Human
Einenlum,0.0,Human
antonmedv,0.0,Human
kshcherban,0.0,Human
jodosha,0.0,Human
ajafff,0.0,Human
kevin-greene-ck,0.0,Human
no-man-is-an-island,0.0,Human
etorreborre,0.0,Human
ParallelTask,0.0,Human
Breakthrough,0.0,Human
demurgos,0.0,Human
losfair,0.0,Human
thomaspark,0.0,Human
ash2k,0.0,Human
williamboman,0.0,Human
fabienvauchelles,0.0,Human
itamaro,0.0,Human
tsimbalar,0.0,Human
jirenius,0.0,Human
Jacse,0.0,Human
Yomguithereal,0.0,Human
Civil,0.0,Human
mtesseract,0.0,Human
PascalSchumacher,0.0,Human
nickw444,0.0,Human
anthrotype,0.0,Human
vadeg,0.0,Human
motin,0.0,Human
amit-sharma,0.0,Human
Stebalien,0.0,Human
mdh67899,0.0,Human
nl5887,0.0,Human
ShMcK,0.0,Human
xmudrii,0.0,Human
Ynhockey,0.0,Human
jricher,0.0,Human
sander3,0.0,Human
efatsi,0.0,Human
doom369,0.0,Human
shred,0.0,Human
nschloe,0.0,Human
siu,0.0,Human
sunng87,0.0,Human
Suremaker,0.0,Human
webberig,0.0,Human
rpearce,0.0,Human
Grsmto,0.0,Human
InquisitivePenguin,0.0,Human
davebryson,0.0,Human
zramsay,0.0,Human
adrianbrink,0.0,Human
melekes,0.0,Human
ukstv,0.0,Human
mariusvniekerk,0.0,Human
ikalchev,0.0,Human
vrom911,0.0,Human
vcaesar,0.0,Human
herpaderpaldent,0.0,Human
nol13,0.0,Human
rabbah,0.0,Human
dlew,0.0,Human
bartlangelaan,0.0,Human
seregazhuk,0.0,Human
oxinabox,0.0,Human
bdunks,0.0,Human
JonGilmore,0.0,Human
thecynic,0.0,Human
Varorbc,0.0,Human
Andryu,0.0,Human
fleaz,0.0,Human
0x1daniel,0.0,Human
schachmett,0.0,Human
reneeotten,0.0,Human
davarravad,0.0,Human
massimocode,0.0,Human
jorgenhenrichsen,0.0,Human
giampaolo,0.0,Human
j-rewerts,0.0,Human
zharpaz,0.0,Human
mpostol,0.0,Human
Zil0,0.0,Human
non-Jedi,0.0,Human
rpkilby,0.0,Human
bastelfreak,0.0,Human
KiChjang,0.0,Human
francoischalifour,0.0,Human
pravic,0.0,Human
sloria,0.0,Human
termoshtt,0.0,Human
fortytw2,0.0,Human
geek,0.0,Human
Marsup,0.0,Human
joshiste,0.0,Human
markusenglund,0.0,Human
halverneus,0.0,Human
elharo,0.0,Human
scls19fr,0.0,Human
jbgi,0.0,Human
LucasBadico,0.0,Human
jeskew,0.0,Human
hdorgeval,0.0,Human
Carreau,0.0,Human
cowtowncoder,0.0,Human
gen0cide,0.0,Human
plutov,0.0,Human
webbcam,0.0,Human
dgw,0.0,Human
nadar,0.0,Human
yutopp,0.0,Human
josemduarte,0.0,Human
gmf520,0.0,Human
bluebill1049,0.0,Human
neuecc,0.0,Human
njwest,0.0,Human
romelperez,0.0,Human
amenzhinsky,0.0,Human
NekR,0.0,Human
shogo4405,0.0,Human
ernscht,0.0,Human
mscuthbert,0.0,Human
Silverwolf90,0.0,Human
elprans,0.0,Human
Lodin,0.0,Human
dingelish,0.0,Human
OverloadUT,0.0,Human
BuZZy1337,0.0,Human
rtfpessoa,0.0,Human
pauljohanneskraft,0.0,Human
nolimits4web,0.0,Human
jelmer,0.0,Human
maximbaz,0.0,Human
mpolden,0.0,Human
fhunleth,0.0,Human
michelaquino,0.0,Human
sorentwo,0.0,Human
kylegach,0.0,Human
foxdonut,0.0,Human
orenyodfat,0.0,Human
rchl,0.0,Human
aaronshaf,0.0,Human
rmarren1,0.0,Human
T4rk1n,0.0,Human
valentijnnieman,0.0,Human
ChaseWiseman,0.0,Human
unfulvio,0.0,Human
olofk,0.0,Human
ctalkington,0.0,Human
mvdnes,0.0,Human
suminb,0.0,Human
andryuha49,0.0,Human
Fokko,0.0,Human
ferstl,0.0,Human
mudassir0909,0.0,Human
dbfannin,0.0,Human
ghackett,0.0,Human
gjunge,0.0,Human
xmorera,0.0,Human
oskarrough,0.0,Human
krystiankaluzny,0.0,Human
bodewig,0.0,Human
srowen,0.0,Human
JesusFreke,0.0,Human
krzkaczor,0.0,Human
Afterster,0.0,Human
thepag,0.0,Human
germanattanasio,0.0,Human
reidmorrison,0.0,Human
yowainwright,0.0,Human
refractalize,0.0,Human
asottile,0.0,Human
talyguryn,0.0,Human
zakird,0.0,Human
manast,0.0,Human
sindresorhus,0.0,Human
sheppard,0.0,Human
boutell,0.0,Human
tomaka,0.0,Human
geoperez,0.0,Human
andyjansson,0.0,Human
chris-smith,0.0,Human
rickywiens,0.0,Human
HotelCalifornia,0.0,Human
jasl,0.0,Human
danaugrs,0.0,Human
schipiga,0.0,Human
ahmadiq,0.0,Human
LiamKarlMitchell,0.0,Human
arobase-che,0.0,Human
wooorm,0.0,Human
hartzis,0.0,Human
dozoisch,0.0,Human
arun251,0.0,Human
brian-nguyen,0.0,Human
kevingentile,0.0,Human
eddedd88,0.0,Human
smarterclayton,0.0,Human
dmage,0.0,Human
bparees,0.0,Human
jeevatkm,0.0,Human
satazor,0.0,Human
aashish24,0.0,Human
MilesMcBain,0.0,Human
darrenldl,0.0,Human
vreuter,0.0,Human
benjamin-bader,0.0,Human
jkelvie,0.0,Human
tonsky,0.0,Human
oschwald,0.0,Human
gosuri,0.0,Human
Carl-Hugo,0.0,Human
josemarluedke,0.0,Human
flops,0.0,Human
rodjek,0.0,Human
clintonb,0.0,Human
rbuels,0.0,Human
cmdcolin,0.0,Human
adamchel,0.0,Human
dburkhardt,0.0,Human
drzraf,0.0,Human
iNecas,0.0,Human
adamruzicka,0.0,Human
NHDaly,0.0,Human
smysnk,0.0,Human
jcornell123,0.0,Human
dpopp07,0.0,Human
nathandunn,0.0,Human
ffgalindo,0.0,Human
ndpete,0.0,Human
tjcelaya,0.0,Human
dekobon,0.0,Human
vito,0.0,Human
vincentsarago,0.0,Human
jonschlinkert,0.0,Human
greenaddress,0.0,Human
romanz,0.0,Human
ericholscher,0.0,Human
ozanuykun,0.0,Human
jettify,0.0,Human
ahhh,0.0,Human
JohnTitor,0.0,Human
DimaLiLongJi,0.0,Human
GlennMatthys,0.0,Human
Kukks,0.0,Human
NicolasDorier,0.0,Human
rafihm,0.0,Human
michaelborchert,0.0,Human
weieigao,0.0,Human
linvi,0.0,Human
MichaelKetting,0.0,Human
filmil,0.0,Human
stephenmcd,0.0,Human
hcodes,0.0,Human
bendrucker,0.0,Human
johndatserakis,0.0,Human
DeniseWalter,0.0,Human
Maryom,0.0,Human
Mazyod,0.0,Human
sonota88,0.0,Human
loxp,0.0,Human
nblock,0.0,Human
nickhingston,0.0,Human
vlad-km,0.0,Human
theotherphil,0.0,Human
Zegnat,0.0,Human
yanaga,0.0,Human
javierbrea,0.0,Human
abourget,0.0,Human
piranna,0.0,Human
autotelik,0.0,Human
bidhan-a,0.0,Human
lunemec,0.0,Human
arnoegw,0.0,Human
kporras07,0.0,Human
ethanwhite,0.0,Human
tbaliance,0.0,Human
mvantellingen,0.0,Human
kcooney,0.0,Human
maier,0.0,Human
morgant,0.0,Human
dblock,0.0,Human
sangleganesh,0.0,Human
plouc,0.0,Human
janvanrijn,0.0,Human
michaeldwan,0.0,Human
ktsn,0.0,Human
jeromegamez,0.0,Human
jmank88,0.0,Human
KeithWoods,0.0,Human
ferd,0.0,Human
TheGeorge,0.0,Human
namuyan,0.0,Human
kaisellgren,0.0,Human
close2,0.0,Human
mila,0.0,Human
theacodes,0.0,Human
westurner,0.0,Human
dstufft,0.0,Human
JohnnyCrazy,0.0,Human
dlouzan,0.0,Human
juanpicado,0.0,Human
bufferoverflow,0.0,Human
kachayev,0.0,Human
matsuo,0.0,Human
harlow,0.0,Human
stiano,0.0,Human
sergei-startsev,0.0,Human
kt3k,0.0,Human
tejainece,0.0,Human
vlsi,0.0,Human
prytoegrian,0.0,Human
wouldsmina,0.0,Human
nao-pon,0.0,Human
nblumhardt,0.0,Human
macdonst,0.0,Human
mshibuya,0.0,Human
jonaskello,0.0,Human
BeyondEvil,0.0,Human
FlorianWilhelm,0.0,Human
abravalheri,0.0,Human
Bernardo-MG,0.0,Human
athas,0.0,Human
deanmarchiori,0.0,Human
adamhsparks,0.0,Human
taras,0.0,Human
WebReflection,0.0,Human
wasabeef,0.0,Human
sw-yx,0.0,Human
reaperhulk,0.0,Human
alex,0.0,Human
FelixGail,0.0,Human
olimpias,0.0,Human
ldemailly,0.0,Human
ahartikainen,0.0,Human
joeaudette,0.0,Human
euresti,0.0,Human
dsander,0.0,Human
komuw,0.0,Human
czystyl,0.0,Human
Cadene,0.0,Human
teo-tsirpanis,0.0,Human
sheerun,0.0,Human
sorawee,0.0,Human
rodrigograca31,0.0,Human
sstevenkang,0.0,Human
AnthonySteele,0.0,Human
slang25,0.0,Human
Gallaecio,0.0,Human
TrevorFarrelly,0.0,Human
guillermooo,0.0,Human
JacquiManzi,0.0,Human
drewejohnson,0.0,Human
tyrannosaurus-becks,0.0,Human
gregturn,0.0,Human
miloyip,0.0,Human
nhumrich,0.0,Human
ggarnier,0.0,Human
WalternativE,0.0,Human
peyerluk,0.0,Human
reconbot,0.0,Human
BoboTiG,0.0,Human
i-like-robots,0.0,Human
ofrobots,0.0,Human
libotony,0.0,Human
botanicus,0.0,Human
mrjonesbot,0.0,Human
olgabot,0.0,Human
paleolimbot,0.0,Human
jeremyabbott,0.0,Human
botovq,0.0,Human
sagalbot,0.0,Human
ursabot,0.0,Human
knobotz,0.0,Human
miabbott,0.0,Human
p3x-robot,0.0,Human
ericbottard,0.0,Human
jbottigliero,0.0,Human
JamesBotterill,0.0,Human
macaca-bot,0.0,Human
botimer,0.0,Human
dabbott,0.0,Human
jeffreymkabot,0.0,Human
vaadin-bot,0.0,Human
glickbot,0.0,Human
acarabott,0.0,Human
bottlenecked,0.0,Human
warmrobot,0.0,Human
BloggerBust-bot,0.0,Human
andreubotella,0.0,Human
cristianbote,0.0,Human
bbottema,0.0,Human
mrrobot47,0.0,Human
jesusbotella,0.0,Human
guillebot,0.0,Human
ninjarobot,0.0,Human
TheHipbot,0.0,Human
TurekBot,0.0,Human
bobotu,0.0,Human
boenrobot,0.0,Human
larrybotha,0.0,Human
botandrose,0.0,Human
wbotelhos,0.0,Human
KarishmaBothara,0.0,Human
sarbbottam,0.0,Human
ebot1234,0.0,Human
botika,0.0,Human
cjbottaro,0.0,Human
tensorflow-graphics-github-robot,0.0,Human
foxbot,0.0,Human
vitobotta,0.0,Human
KittyBot,0.0,Human
TheAIBot,0.0,Human
BoTime,0.0,Human
Orbots,0.0,Human
iobotis,0.0,Human
saibotsivad,0.0,Human
mstalbot,0.0,Human
jrbotros,0.0,Human
botev,0.0,Human
adrianbota,0.0,Human
dawsbot,0.0,Human
mikechabot,0.0,Human
tibotiber,0.0,Human
austbot,0.0,Human
PerBothner,0.0,Human
cbothner,0.0,Human
ParthBarot-BoTreeConsulting,0.0,Human
frankandrobot,0.0,Human
ztalbot2000,0.0,Human
brokenbot,0.0,Human
charliesbot,0.0,Human
wootsbot,0.0,Human
echarts-bot,0.0,Human
element-bot,0.0,Human
bothra90,0.0,Human
jbobotek,0.0,Human
ohbot,0.0,Human
robotdan,0.0,Human
xobotyi,0.0,Human
gvisor-bot,0.0,Human
KadoBOT,0.0,Human
codeboten,0.0,Human
robotmrv,0.0,Human
achoboter,0.0,Human
usercont-release-bot,0.0,Human
subotic,0.0,Human
pabbott0,0.0,Human
abbotware,0.0,Human
todbot,0.0,Human
sobotklp,0.0,Human
breakingrobot,0.0,Human
leontalbot,0.0,Human
RobotPsykolog,0.0,Human
ionitron-bot,0.0,Human
pydio-bot,0.0,Human
greenrobot,0.0,Human
Julboteroc,0.0,Human
brettchabot,0.0,Human
scorebot,0.0,Human
botzill,0.0,Human
BotellaA,0.0,Human
McGroover-Bottleneck,0.0,Human
thomasbottonari,0.0,Human
zartbot,0.0,Human
alberto-bottarini,0.0,Human
adelbot,0.0,Human
antv-bot,0.0,Human
RealmBot,0.0,Human
filippobottega,0.0,Human
DartBot,0.0,Human
neos-bot,0.0,Human
netoffice-bot,0.0,Human
alshaboti,0.0,Human
abotiamnot,0.0,Human
rybot666,0.0,Human
RotemBot,0.0,Human
izhrobot,0.0,Human
mybit-bot,0.0,Human
opensource-assist,0.0,Human
wking-io,0.0,Human
sonic-ios-dev,0.0,Human
drj-io,0.0,Human
loeffel-io,0.0,Human
Alexandre-io,0.0,Human
afterwind-io,0.0,Human
nhz-io,0.0,Human
ylv-io,0.0,Human
vlad-ion,0.0,Human
btzr-io,0.0,Human
manuel-di-iorio,0.0,Human
sentry-io,0.0,Human
globules-io,0.0,Human
prologic,0.0,Human
binarylogic,0.0,Human
techknowlogick,0.0,Human
easylogic,0.0,Human
customlogic,0.0,Human
logic-building,0.0,Human
FuzzicalLogic,0.0,Human
SlowLogicBoy,0.0,Human
viralogic,0.0,Human
chasinglogic,0.0,Human
bitsoflogic,0.0,Human
azurelogic,0.0,Human
QuLogic,0.0,Human
millerlogic,0.0,Human
Technologicat,0.0,Human
FlickerLogicalStack,0.0,Human
bilogic,0.0,Human
nevrologica,0.0,Human
Syed-SnapLogic,0.0,Human
pslogic,0.0,Human
afterlogic-support,0.0,Human
MarcoDeJong,0.0,Human
rzcoder,0.0,Human
jdxcode,0.0,Human
graemecode,0.0,Human
colethecoder,0.0,Human
giventocode,0.0,Human
architectcodes,0.0,Human
fancycode,0.0,Human
codecholeric,0.0,Human
dcodeIO,0.0,Human
codesoap,0.0,Human
SpeedyCoder,0.0,Human
codelucas,0.0,Human
lukencode,0.0,Human
Anonycoders,0.0,Human
prettycoder,0.0,Human
codenrhoden,0.0,Human
thecodeboss,0.0,Human
codegangsta,0.0,Human
TattdCodeMonkey,0.0,Human
codeskyblue,0.0,Human
crankycoder,0.0,Human
coderaiser,0.0,Human
coderanger,0.0,Human
bpicode,0.0,Human
cjcodes,0.0,Human
haadcode,0.0,Human
codeTom,0.0,Human
codekiln,0.0,Human
TraGicCode,0.0,Human
seriouscoderone,0.0,Human
typicode,0.0,Human
jstacoder,0.0,Human
codebynumbers,0.0,Human
cursedcoder,0.0,Human
codeandcats,0.0,Human
tk-codes,0.0,Human
andrewmcodes,0.0,Human
fabiosantoscode,0.0,Human
tpluscode,0.0,Human
dipujscoder,0.0,Human
codebude,0.0,Human
codeforequity-at,0.0,Human
codesmith14,0.0,Human
Cr45hCode,0.0,Human
CoderZhi,0.0,Human
codebytere,0.0,Human
bxcodec,0.0,Human
ChimeraCoder,0.0,Human
codemanki,0.0,Human
goodcode,0.0,Human
faisaltheparttimecoder,0.0,Human
yaroslav-codefresh,0.0,Human
langecode,0.0,Human
cspotcode,0.0,Human
CodeClinch,0.0,Human
KillerCodeMonkey,0.0,Human
justacodefan,0.0,Human
X-Coder264,0.0,Human
codesome,0.0,Human
tricoder42,0.0,Human
crazecoder,0.0,Human
fubar-coder,0.0,Human
coderkevin,0.0,Human
ecocode,0.0,Human
JWebCoder,0.0,Human
Intellicode,0.0,Human
ediblecode,0.0,Human
codecounselor,0.0,Human
codenamev,0.0,Human
NamelessCoder,0.0,Human
marcodejongh,0.0,Human
ReToCode,0.0,Human
codeworrior,0.0,Human
abbeycode,0.0,Human
asticode,0.0,Human
src-code,0.0,Human
chrisdotcode,0.0,Human
rubenCodeforges,0.0,Human
codenio,0.0,Human
CodeSandwich,0.0,Human
MiniCodeMonkey,0.0,Human
astonbitecode,0.0,Human
taylorcode,0.0,Human
marcodeltutto,0.0,Human
knowledgecode,0.0,Human
CodeJuan,0.0,Human
licode,0.0,Human
codemayank,0.0,Human
coderitual,0.0,Human
code-farmz,0.0,Human
codeDebugTest,0.0,Human
VibhorCodecianGupta,0.0,Human
codenirvana,0.0,Human
codekoala,0.0,Human
DaveTCode,0.0,Human
kescherCode,0.0,Human
codeliner,0.0,Human
coder2000,0.0,Human
codearoni,0.0,Human
HobbitCodes,0.0,Human
Coder1304,0.0,Human
ascoders,0.0,Human
lindycoder,0.0,Human
codeshifu,0.0,Human
codekie,0.0,Human
chancancode,0.0,Human
EdenCoder,0.0,Human
escodel,0.0,Human
Biacode,0.0,Human
qwcode,0.0,Human
splincode,0.0,Human
briancodes,0.0,Human
ivarcode,0.0,Human
TAndraCode,0.0,Human
codexpert,0.0,Human
iamDecode,0.0,Human
wcoder,0.0,Human
coderdiaz,0.0,Human
modularcoder,0.0,Human
lambcode,0.0,Human
rickycodes,0.0,Human
code-crusher,0.0,Human
jshencode,0.0,Human
sunfishcode,0.0,Human
katelovescode,0.0,Human
thecodejack,0.0,Human
TheFriendlyCoder,0.0,Human
codejet,0.0,Human
yscoder,0.0,Human
salarcode,0.0,Human
cnicodeme,0.0,Human
codealchemy,0.0,Human
codebeaulieu,0.0,Human
codepb,0.0,Human
codeBelt,0.0,Human
codeodor,0.0,Human
code-to-gold,0.0,Human
Codesleuth,0.0,Human
coderextreme,0.0,Human
beatscode,0.0,Human
lloricode,0.0,Human
UplinkCoder,0.0,Human
codeclinic,0.0,Human
extcode,0.0,Human
draftcode,0.0,Human
t0xicCode,0.0,Human
coderofsalvation,0.0,Human
codepope,0.0,Human
CodeLenny,0.0,Human
unicoder88,0.0,Human
code4craft,0.0,Human
code-smith,0.0,Human
alsoicode,0.0,Human
handcode,0.0,Human
codedread,0.0,Human
coderam,0.0,Human
theBuzzyCoder,0.0,Human
nevescode,0.0,Human
thecodershome,0.0,Human
LazoCoder,0.0,Human
Codeberg-AsGithubAlternative-buhtz,0.0,Human
cyphercodes96,0.0,Human
coderbyheart,0.0,Human
CoderHuo,0.0,Human
exocode,0.0,Human
dcode,0.0,Human
codemonkey3045,0.0,Human
codez,0.0,Human
felixcodes,0.0,Human
codeart1st,0.0,Human
stklcode,0.0,Human
codec-abc,0.0,Human
lonelycode,0.0,Human
TarCode,0.0,Human
sky-code,0.0,Human
codecowboy,0.0,Human
hardworkingcoder,0.0,Human
manojdcoder,0.0,Human
codeswholesale,0.0,Human
codeout,0.0,Human
patchthecode,0.0,Human
XenocodeRCE,0.0,Human
robocoder,0.0,Human
lordcodes,0.0,Human
RebelCodeBase,0.0,Human
spatocode,0.0,Human
licodeli,0.0,Human
Code-Hex,0.0,Human
codelipenghui,0.0,Human
OpenCode,0.0,Human
chibicode,0.0,Human
diego-codes,0.0,Human
spaghetticode,0.0,Human
codecalm,0.0,Human
CaptainCodeman,0.0,Human
codebrain,0.0,Human
juliacodez,0.0,Human
codezizo,0.0,Human
donotcodeit,0.0,Human
bencodezen,0.0,Human
carpecodeum,0.0,Human
gloriousCode,0.0,Human
codeninja,0.0,Human
codemile,0.0,Human
swiftcoder,0.0,Human
dreamcodez,0.0,Human
musicode,0.0,Human
codenoid,0.0,Human
scottcode,0.0,Human
bahdcoder,0.0,Human
KyorCode,0.0,Human
Coder-256,0.0,Human
codehippie1,0.0,Human
fusillicode,0.0,Human
codehearts,0.0,Human
codediodeio,0.0,Human
codeFareith,0.0,Human
Avi-D-coder,0.0,Human
noscode,0.0,Human
synercoder,0.0,Human
codejanovic,0.0,Human
AlterCodex,0.0,Human
coderzh,0.0,Human
codedance,0.0,Human
yousefcodes,0.0,Human
miko-code,0.0,Human
CodeAnimal,0.0,Human
coneycode,0.0,Human
pennycoder,0.0,Human
JaneCoder,0.0,Human
devcodewak,0.0,Human
codeaholics,0.0,Human
groovecoder,0.0,Human
CodeTipsy,0.0,Human
thncode,0.0,Human
drillcoder,0.0,Human
CodeStrings,0.0,Human
amir3code,0.0,Human
pwilczynskiclearcode,0.0,Human
d0peCode,0.0,Human
The-Code-Monkey,0.0,Human
CoderLinLee,0.0,Human
ruscoder,0.0,Human
codergkd,0.0,Human
codepandy,0.0,Human
codependent,0.0,Human
the-drunk-coder,0.0,Human
OpenCoderX,0.0,Human
Moro-Code,0.0,Human
JoeCoderJC,0.0,Human
codenamesubho,0.0,Human
SwardCoder,0.0,Human
ThisGuyCodes,0.0,Human
jacksoncode,0.0,Human
CodeGather,0.0,Human
evilcode1,0.0,Human
whereiscode,0.0,Human
shamcode,0.0,Human
ADLsourceCode,0.0,Human
codeyash,0.0,Human
dmgcodevil,0.0,Human
UnquietCode,0.0,Human
AlisCode,0.0,Human
diezcode,0.0,Human
perezcoder,0.0,Human
KenticoDevTrev,0.0,Human
JimLynchCodes,0.0,Human
codemonkeyneo,0.0,Human
AlariCode,0.0,Human
php-coder,0.0,Human
rahulraveendran15-coder,0.0,Human
reBiocoder,0.0,Human
Stefan-Code,0.0,Human
GoogleCodeExporter,0.0,Human
core-code,0.0,Human
gnucoder,0.0,Human
ZeeCoder,0.0,Human
Leopoldthecoder,0.0,Human
novumcoder,0.0,Human
lucode,0.0,Human
SnehaCoder,0.0,Human
leeycode,0.0,Human
brahmscode,0.0,Human
humblecoder,0.0,Human
CodeXLmao,0.0,Human
deadcoder0904,0.0,Human
cubycode,0.0,Human
Codeluck,0.0,Human
codeweb,0.0,Human
coderiekelt,0.0,Human
de-code,0.0,Human
goldcode88,0.0,Human
RobustCoder,0.0,Human
CodeTeamLabs,0.0,Human
code2learnit,0.0,Human
codemastering,0.0,Human
mats-claassen,0.0,Human
CD-Clarke,0.0,Human
Ross-Clark,0.0,Human
sean-clayton,0.0,Human
slawomir-brzezinski-at-clarksons,0.0,Human
raoulmeroni-clab,0.0,Human
Krzysztof-Cieslak,0.0,Human
michael-ciniawsky,0.0,Human
dbainbri-ciena,0.0,Human
as-cii,0.0,Human
jhm-ciberman,0.0,Human
hex-ci,0.0,Human
kenjones-cisco,0.0,Human
itdependsnetworks,0.0,Human
hexfusion,0.0,Human
spideyfusion,0.0,Human
infusion,0.0,Human
mikrofusion,0.0,Human
fusion809,0.0,Human
mintyfusion,0.0,Human
360fusion,0.0,Human
webprofusion-chrisc,0.0,Human
AutoSponge,0.0,Human
BergAutomations,0.0,Human
automationator,0.0,Human
automenta,0.0,Human
Automunge,0.0,Human
devautor,0.0,Human
NetDevAutomate,0.0,Human
synapticarbors,0.0,Human
pratikborsadiya,0.0,Human
albertborsos,0.0,Human
tiborsimko,0.0,Human
borsboom,0.0,Human
GaborSuranyi,0.0,Human
mborsz,0.0,Human
tiborsaas,0.0,Human
KevinGrandon,0.0,Human
MichaelKohler,0.0,Human
spinlock,0.0,Human
grantjenks,0.0,Human
anacrolix,0.0,Human
pocketjoso,0.0,Human
alexbers,0.0,Human
mewmew,0.0,Human
Hugo101,0.0,Human
hayesall,0.0,Human
carloscuesta,0.0,Human
kevva,0.0,Human
robshakir,0.0,Human
adriantran,0.0,Human
dchenk,0.0,Human
sarun87,0.0,Human
DrMarcII,0.0,Human
becw,0.0,Human
NathanWalker,0.0,Human
bryanl,0.0,Human
rappdw,0.0,Human
brianvoe,0.0,Human
emilgoldsmith,0.0,Human
nalesandro,0.0,Human
izgeri,0.0,Human
jasonrahm,0.0,Human
pythoneer,0.0,Human
vijaynalawade,0.0,Human
retgits,0.0,Human
dhillondeep,0.0,Human
JunielKatarn,0.0,Human
koher,0.0,Human
bhazelton,0.0,Human
defunctzombie,0.0,Human
okdistribute,0.0,Human
jtsage,0.0,Human
floatdrop,0.0,Human
magro,0.0,Human
NathanSweet,0.0,Human
adrake33,0.0,Human
kristw,0.0,Human
aydrian,0.0,Human
yannickl88,0.0,Human
heapwolf,0.0,Human
blimmer,0.0,Human
donmccurdy,0.0,Human
dxinteractive,0.0,Human
telegraphic,0.0,Human
adamlacoste,0.0,Human
matteosister,0.0,Human
lipangit,0.0,Human
msmathers,0.0,Human
fanatid,0.0,Human
ryanwinchester,0.0,Human
wendux,0.0,Human
nox,0.0,Human
awprice,0.0,Human
TheKeymaster,0.0,Human
sudodoki,0.0,Human
Zak-C,0.0,Human
danielgerlag,0.0,Human
rovansteen,0.0,Human
aermakov-zalando,0.0,Human
hjacobs,0.0,Human
nicolargo,0.0,Human
svenkubiak,0.0,Human
Peque,0.0,Human
mxcl,0.0,Human
jomonkj,0.0,Human
hiqsol,0.0,Human
jholt1,0.0,Human
ptomasroos,0.0,Human
Toflar,0.0,Human
leofeyer,0.0,Human
stevehu,0.0,Human
yschimke,0.0,Human
joakim-hove,0.0,Human
XVincentX,0.0,Human
bartelink,0.0,Human
Maks3w,0.0,Human
KbWorks,0.0,Human
wictorwilen,0.0,Human
scottrobertson,0.0,Human
bryphe,0.0,Human
indrekj,0.0,Human
deoxxa,0.0,Human
mgrosperrin,0.0,Human
ejmahler,0.0,Human
upperwal,0.0,Human
trevnorris,0.0,Human
ilgooz,0.0,Human
tariq1890,0.0,Human
koute,0.0,Human
sergiodxa,0.0,Human
zbranzov,0.0,Human
ForbesLindesay,0.0,Human
mattdesl,0.0,Human
menduo,0.0,Human
rgieseke,0.0,Human
chrisroadmap,0.0,Human
mmetayer,0.0,Human
kevinansfield,0.0,Human
mixonic,0.0,Human
phil-opp,0.0,Human
cundd,0.0,Human
milo,0.0,Human
mstrazar,0.0,Human
kaidiren,0.0,Human
k0nserv,0.0,Human
mcintyre321,0.0,Human
fsmanuel,0.0,Human
vunb,0.0,Human
KorzunAV,0.0,Human
iddan,0.0,Human
joerick,0.0,Human
hediyi,0.0,Human
martinherweg,0.0,Human
kdambekalns,0.0,Human
jhurliman,0.0,Human
NicolasRannou,0.0,Human
alexellis,0.0,Human
eyedeekay,0.0,Human
rmg,0.0,Human
sam-github,0.0,Human
bsweeney,0.0,Human
shama,0.0,Human
loganfsmyth,0.0,Human
mikbry,0.0,Human
weavejester,0.0,Human
SheetJSDev,0.0,Human
aycabta,0.0,Human
lufinkey,0.0,Human
rowanwins,0.0,Human
mfogel,0.0,Human
dwsupplee,0.0,Human
legal90,0.0,Human
MahdiZareie,0.0,Human
softprops,0.0,Human
mosic,0.0,Human
PaulLeCam,0.0,Human
eXon,0.0,Human
azhiltsov,0.0,Human
sebastiandedeyne,0.0,Human
nathanidp,0.0,Human
juliens,0.0,Human
EisenbergEffect,0.0,Human
aloneguid,0.0,Human
dwmkerr,0.0,Human
Stewori,0.0,Human
agronholm,0.0,Human
mikeboers,0.0,Human
nataly87s,0.0,Human
iamacarpet,0.0,Human
neverchanje,0.0,Human
DavoudTaghawiNejad,0.0,Human
KennethanCeyer,0.0,Human
Tustin,0.0,Human
emccorson,0.0,Human
mikiobraun,0.0,Human
tmcw,0.0,Human
samhed,0.0,Human
yurijmikhalevich,0.0,Human
faroit,0.0,Human
crimsonred,0.0,Human
TrySound,0.0,Human
samonzeweb,0.0,Human
cjus,0.0,Human
sp00m,0.0,Human
muthurathinam,0.0,Human
darrelmiller,0.0,Human
vadimavdeev,0.0,Human
rantianhua,0.0,Human
torkleyy,0.0,Human
cgordon,0.0,Human
isaacs,0.0,Human
yrodiere,0.0,Human
DirkMahler,0.0,Human
obfischer,0.0,Human
tats-u,0.0,Human
k2kobayashi,0.0,Human
jhecking,0.0,Human
cheungpat,0.0,Human
patrickjuchli,0.0,Human
JelteF,0.0,Human
kevinoliver,0.0,Human
notlee,0.0,Human
rasheedamir,0.0,Human
kharanenka,0.0,Human
aloisklink,0.0,Human
slashdotdash,0.0,Human
chrisburr,0.0,Human
joaosamouco,0.0,Human
jstedfast,0.0,Human
KarlLevik,0.0,Human
Anthchirp,0.0,Human
designfrontier,0.0,Human
HyperBrain,0.0,Human
clue,0.0,Human
emekalites,0.0,Human
paulfalgout,0.0,Human
9il,0.0,Human
smpl,0.0,Human
estolfo,0.0,Human
jameswilson,0.0,Human
kurnevsky,0.0,Human
kpp,0.0,Human
menduz,0.0,Human
gfursin,0.0,Human
csholmes,0.0,Human
noties,0.0,Human
coryb,0.0,Human
kris-nova,0.0,Human
m-weigand,0.0,Human
achilleas-k,0.0,Human
Kuchiriel,0.0,Human
dcsan,0.0,Human
kirsle,0.0,Human
jhoblitt,0.0,Human
trusktr,0.0,Human
blikblum,0.0,Human
treshugart,0.0,Human
adambkaplan,0.0,Human
NorfairKing,0.0,Human
CSVdB,0.0,Human
emilymye,0.0,Human
jefferai,0.0,Human
damsfx,0.0,Human
tobias-kuendig,0.0,Human
wernerkrauss,0.0,Human
stevie-mayhew,0.0,Human
redhatrises,0.0,Human
johndgiese,0.0,Human
tas50,0.0,Human
jeremymeng,0.0,Human
alileza,0.0,Human
dherman,0.0,Human
katbyte,0.0,Human
hiyosi,0.0,Human
johnsenpeder,0.0,Human
atgrau,0.0,Human
licarth,0.0,Human
alexflav23,0.0,Human
danielkaneider,0.0,Human
vojtechhabarta,0.0,Human
minad,0.0,Human
rkh,0.0,Human
jserv,0.0,Human
ender503,0.0,Human
olistic,0.0,Human
Duerno,0.0,Human
tnagler,0.0,Human
tvatter,0.0,Human
timbod7,0.0,Human
davinci26,0.0,Human
whyrusleeping,0.0,Human
travisperson,0.0,Human
LeeSmet,0.0,Human
VictorVelarde,0.0,Human
dcmouyard,0.0,Human
Scotchester,0.0,Human
kylebuch8,0.0,Human
brigand,0.0,Human
phoracek,0.0,Human
sonnyp,0.0,Human
shimizukawa,0.0,Human
gajus,0.0,Human
novemberborn,0.0,Human
Domysee,0.0,Human
julienbourdeau,0.0,Human
tristan0x,0.0,Human
aliak00,0.0,Human
aazon,0.0,Human
mmoll,0.0,Human
dfahlander,0.0,Human
michielpost,0.0,Human
thiru,0.0,Human
jonathansamines,0.0,Human
stash,0.0,Human
awaterma,0.0,Human
bradylove,0.0,Human
fredoboulo,0.0,Human
brodybits,0.0,Human
seanmcleod,0.0,Human
joegoldbeck,0.0,Human
stefanneculai,0.0,Human
NeilFraser,0.0,Human
bsipocz,0.0,Human
or-else,0.0,Human
CampGareth,0.0,Human
cornerman,0.0,Human
can-soykarafakili,0.0,Human
keilw,0.0,Human
drnluz,0.0,Human
Valve,0.0,Human
Tzxhy,0.0,Human
fsmirne,0.0,Human
mbj4668,0.0,Human
pselle,0.0,Human
sharkdp,0.0,Human
vitalets,0.0,Human
srinandan,0.0,Human
asnowfix,0.0,Human
daftspunk,0.0,Human
rmw2,0.0,Human
megahertz,0.0,Human
ekerwin,0.0,Human
plentz,0.0,Human
JakeChampion,0.0,Human
yodalee,0.0,Human
vasdeveloper,0.0,Human
jlaine,0.0,Human
davemorrissey,0.0,Human
lpil,0.0,Human
ftchirou,0.0,Human
julien-moreau,0.0,Human
fengzixu,0.0,Human
EmilStenstrom,0.0,Human
JKHeadley,0.0,Human
ricmoo,0.0,Human
dangilman,0.0,Human
sibirrer,0.0,Human
kyhavlov,0.0,Human
Noofbiz,0.0,Human
mmstick,0.0,Human
brs17,0.0,Human
JMPerez,0.0,Human
wojcikstefan,0.0,Human
film42,0.0,Human
roobre,0.0,Human
jhunt,0.0,Human
satoshun00,0.0,Human
rwjblue,0.0,Human
jdmurphy,0.0,Human
prestwich,0.0,Human
developit,0.0,Human
treblereel,0.0,Human
sh4nks,0.0,Human
adjackura,0.0,Human
abpetkov,0.0,Human
freeekanayaka,0.0,Human
drewnoakes,0.0,Human
jbailey4,0.0,Human
wmgroot,0.0,Human
emmanvg,0.0,Human
piedoom,0.0,Human
tsherif,0.0,Human
matiu,0.0,Human
rabidgremlin,0.0,Human
dmalan,0.0,Human
raybooysen,0.0,Human
attilaolah,0.0,Human
dgasmith,0.0,Human
leeping,0.0,Human
stebo85,0.0,Human
eudangeld,0.0,Human
koterpillar,0.0,Human
ThibaultJanBeyer,0.0,Human
rajatady,0.0,Human
arnodel,0.0,Human
opoupeney,0.0,Human
puneetguptanitj,0.0,Human
ticoann,0.0,Human
yuyiguo,0.0,Human
Calebjh,0.0,Human
alexfreska,0.0,Human
raquo,0.0,Human
vernondegoede,0.0,Human
modocache,0.0,Human
mojavelinux,0.0,Human
practicingruby,0.0,Human
luispadron,0.0,Human
SergeyZhukovsky,0.0,Human
bbondy,0.0,Human
steelbrain,0.0,Human
Gp2mv3,0.0,Human
shantanugadgil,0.0,Human
canavandl,0.0,Human
sauln,0.0,Human
lmcinnes,0.0,Human
davidmoten,0.0,Human
postelrich,0.0,Human
ashishagg,0.0,Human
sbesson,0.0,Human
andreasschroth,0.0,Human
jehiah,0.0,Human
mreiferson,0.0,Human
maoueh,0.0,Human
slumnitz,0.0,Human
mattlewis92,0.0,Human
burtonr,0.0,Human
dlech,0.0,Human
seanmonstar,0.0,Human
alecmocatta,0.0,Human
mistydemeo,0.0,Human
technicalpickles,0.0,Human
mccalluc,0.0,Human
jbduncan,0.0,Human
markusl,0.0,Human
AlecAivazis,0.0,Human
urso,0.0,Human
zinid,0.0,Human
migueldeicaza,0.0,Human
stevenbenisek,0.0,Human
matthiasblaesing,0.0,Human
dbwiddis,0.0,Human
floryst,0.0,Human
CapacitorSet,0.0,Human
djsg,0.0,Human
horiuchi,0.0,Human
msoos,0.0,Human
kaspersorensen,0.0,Human
LosD,0.0,Human
voelzmo,0.0,Human
ncdc,0.0,Human
catsby,0.0,Human
fredvd,0.0,Human
janpio,0.0,Human
adamgibbons,0.0,Human
krancour,0.0,Human
v-makouz,0.0,Human
mkleehammer,0.0,Human
paulolimarb,0.0,Human
matt-peters,0.0,Human
rrrene,0.0,Human
domoritz,0.0,Human
drudru,0.0,Human
michal-harish,0.0,Human
twsouthwick,0.0,Human
agentcooper,0.0,Human
mofirouz,0.0,Human
diogogomeswww,0.0,Human
SenhorCastor,0.0,Human
abstractj,0.0,Human
jangaraj,0.0,Human
jannyHou,0.0,Human
virkt25,0.0,Human
vtsykun,0.0,Human
anyt,0.0,Human
selwin,0.0,Human
ggeisler,0.0,Human
Shwetap05,0.0,Human
ale7714,0.0,Human
AWhetter,0.0,Human
ebenenglish,0.0,Human
alexcrichton,0.0,Human
killercup,0.0,Human
zzak,0.0,Human
markstory,0.0,Human
gammazero,0.0,Human
markets,0.0,Human
jsastriawan,0.0,Human
Ylianst,0.0,Human
ebfull,0.0,Human
calcmogul,0.0,Human
norman,0.0,Human
toddmeinershagen,0.0,Human
lrowe,0.0,Human
edrpls,0.0,Human
wavded,0.0,Human
ChrisHines,0.0,Human
jetic83,0.0,Human
iangilman,0.0,Human
pookmish,0.0,Human
ask,0.0,Human
ploxiln,0.0,Human
crissdev,0.0,Human
kyan001,0.0,Human
xuwei-k,0.0,Human
seratch,0.0,Human
xtuc,0.0,Human
amilajack,0.0,Human
kjvalencik,0.0,Human
oscarotero,0.0,Human
xnv,0.0,Human
daisukenishino,0.0,Human
lancedikson,0.0,Human
rgov,0.0,Human
riddell-stan,0.0,Human
mikkoaf,0.0,Human
l3ku,0.0,Human
AntJanus,0.0,Human
benjih,0.0,Human
tommysitu,0.0,Human
ALRubinger,0.0,Human
NickToropov,0.0,Human
ryanflorence,0.0,Human
peteshand,0.0,Human
naofireblade,0.0,Human
sp90,0.0,Human
dmitrykurmanov,0.0,Human
chucker,0.0,Human
klaaz0r,0.0,Human
lcobucci,0.0,Human
vsch,0.0,Human
patrickkettner,0.0,Human
mikepugh,0.0,Human
jwngr,0.0,Human
ajayojha,0.0,Human
jasonzajac,0.0,Human
KeesCBakker,0.0,Human
olt,0.0,Human
billsegall,0.0,Human
hangzws,0.0,Human
pluma,0.0,Human
dannyBies,0.0,Human
zewa666,0.0,Human
astormnewrelic,0.0,Human
sunnights,0.0,Human
rayzhang0603,0.0,Human
dunglas,0.0,Human
fuzzmz,0.0,Human
David-Desmaisons,0.0,Human
owen-m1,0.0,Human
alechenninger,0.0,Human
bserdar,0.0,Human
MikeRalphson,0.0,Human
renanborgez,0.0,Human
Yogu,0.0,Human
remcoros,0.0,Human
jmccann,0.0,Human
zbjornson,0.0,Human
zvonicek,0.0,Human
pavadeli,0.0,Human
brocaar,0.0,Human
sanex3339,0.0,Human
tsayen,0.0,Human
dagnir,0.0,Human
akinsolb,0.0,Human
urbim,0.0,Human
andig,0.0,Human
NikVolf,0.0,Human
acoreyj,0.0,Human
jnwng,0.0,Human
msimonin,0.0,Human
brozeph,0.0,Human
chrisgarrity,0.0,Human
broady,0.0,Human
valpesendorfer,0.0,Human
gdkrmr,0.0,Human
nea,0.0,Human
jinankjain,0.0,Human
tikurahul,0.0,Human
pgarbe,0.0,Human
lukabratos,0.0,Human
njugray,0.0,Human
ivcosla,0.0,Human
spaam,0.0,Human
2xAA,0.0,Human
mattmezza,0.0,Human
huangminlinux,0.0,Human
colinmollenhour,0.0,Human
magopian,0.0,Human
blueimp,0.0,Human
okushchenko,0.0,Human
partim,0.0,Human
me-no-dev,0.0,Human
zjj2wry,0.0,Human
charlieduong94,0.0,Human
bergloman,0.0,Human
timbru,0.0,Human
anvyst,0.0,Human
rnpoddor,0.0,Human
unpete,0.0,Human
rogers492,0.0,Human
valarauca,0.0,Human
DylanPiercey,0.0,Human
lozjackson,0.0,Human
DTupalov,0.0,Human
v1r0x,0.0,Human
njbarrett,0.0,Human
bfriesen,0.0,Human
scross01,0.0,Human
xiao,0.0,Human
youknowjack,0.0,Human
jnunemaker,0.0,Human
eugenioLopezRamos,0.0,Human
dmichel1,0.0,Human
jlukic,0.0,Human
lubber-de,0.0,Human
skoczen,0.0,Human
kylelogue,0.0,Human
frankreno,0.0,Human
emptywee,0.0,Human
benjamn,0.0,Human
Evgeniy-L,0.0,Human
tobami,0.0,Human
vpavic,0.0,Human
agnogueira,0.0,Human
azat,0.0,Human
austinpray,0.0,Human
isnifer,0.0,Human
cybergrind,0.0,Human
pajaydev,0.0,Human
Hinny,0.0,Human
peterolson,0.0,Human
sfackler,0.0,Human
campoy,0.0,Human
simongranger,0.0,Human
UncleAndy,0.0,Human
bp74,0.0,Human
EECOLOR,0.0,Human
Hoishin,0.0,Human
jeroenransijn,0.0,Human
clauderic,0.0,Human
earlgreyz,0.0,Human
lsorber,0.0,Human
allburov,0.0,Human
theianrobertson,0.0,Human
mikegrima,0.0,Human
bearcherian,0.0,Human
ebshimizu,0.0,Human
3cp,0.0,Human
JulienMelissas,0.0,Human
EricR,0.0,Human
OndraZizka,0.0,Human
jonbullock,0.0,Human
rigor789,0.0,Human
dfreedm,0.0,Human
zimbatm,0.0,Human
propulsor,0.0,Human
bojand,0.0,Human
markpokornycos,0.0,Human
crookedneighbor,0.0,Human
quinnjn,0.0,Human
blacktaxi,0.0,Human
oising,0.0,Human
flyingpie,0.0,Human
mellinoe,0.0,Human
dpsoft,0.0,Human
sebito91,0.0,Human
QWp6t,0.0,Human
yogeshgadge,0.0,Human
ericdill,0.0,Human
tacaswell,0.0,Human
yoiang,0.0,Human
jskelcy,0.0,Human
akamensky,0.0,Human
vcabbage,0.0,Human
ancho,0.0,Human
cw-sakamoto,0.0,Human
goncafa,0.0,Human
vinicius0026,0.0,Human
lirantal,0.0,Human
AmyOlex,0.0,Human
njsmith,0.0,Human
christianalfoni,0.0,Human
grawk,0.0,Human
eatkins,0.0,Human
cllns,0.0,Human
jeffkl,0.0,Human
cfarm,0.0,Human
theganyo,0.0,Human
chewiebug,0.0,Human
grzuy,0.0,Human
guigrpa,0.0,Human
burningice2866,0.0,Human
gerbenmeyer,0.0,Human
alburdette619,0.0,Human
LcTwisk,0.0,Human
Tornhoof,0.0,Human
jackjamieson2,0.0,Human
kristerkari,0.0,Human
jacobp100,0.0,Human
mosha101,0.0,Human
gautamsi,0.0,Human
dnna,0.0,Human
amwmedia,0.0,Human
OrkhanAlikhanov,0.0,Human
sstephenson,0.0,Human
brentertz,0.0,Human
dougwilson,0.0,Human
peritus,0.0,Human
ps2,0.0,Human
megastep,0.0,Human
grayghostvisuals,0.0,Human
E-B-Smith,0.0,Human
tedivm,0.0,Human
jcaip,0.0,Human
dsghi,0.0,Human
jnm2,0.0,Human
AndrewRedican,0.0,Human
cjbassi,0.0,Human
jmophoto,0.0,Human
apls777,0.0,Human
toshok,0.0,Human
Kikobeats,0.0,Human
scott-wyatt,0.0,Human
wwwdata,0.0,Human
jung-kurt,0.0,Human
parndt,0.0,Human
mukeshsoni,0.0,Human
ah-,0.0,Human
jwkvam,0.0,Human
b-admike,0.0,Human
jorgebucaran,0.0,Human
alexbbb,0.0,Human
Soreine,0.0,Human
pbiecek,0.0,Human
guillochon,0.0,Human
CrowdHailer,0.0,Human
RVenkatesh,0.0,Human
zouter,0.0,Human
fyrkant,0.0,Human
gentledepp,0.0,Human
Mimetis,0.0,Human
saheienko,0.0,Human
suhothayan,0.0,Human
mikebrow,0.0,Human
watson,0.0,Human
blanquer,0.0,Human
knownasilya,0.0,Human
juanjoDiaz,0.0,Human
daddyz,0.0,Human
vks,0.0,Human
boxtown,0.0,Human
kastermester,0.0,Human
kelindar,0.0,Human
jrbalderrama,0.0,Human
tibetsprague,0.0,Human
Kwpolska,0.0,Human
st0012,0.0,Human
alban,0.0,Human
gberaudo,0.0,Human
g-arjones,0.0,Human
austinkelleher,0.0,Human
niemyjski,0.0,Human
bobthecow,0.0,Human
dantman,0.0,Human
minarikg,0.0,Human
althonos,0.0,Human
coreybutler,0.0,Human
ericpre,0.0,Human
nehaljwani,0.0,Human
kalefranz,0.0,Human
msarahan,0.0,Human
Havunen,0.0,Human
dvtng,0.0,Human
noelherrick,0.0,Human
peterbe,0.0,Human
davidv1992,0.0,Human
lawrencegripper,0.0,Human
mitchellh,0.0,Human
mjip,0.0,Human
petersilva,0.0,Human
houshengbo,0.0,Human
rrati,0.0,Human
Herringway,0.0,Human
drdavella,0.0,Human
lovell,0.0,Human
slorber,0.0,Human
alvaromb,0.0,Human
mcwumbly,0.0,Human
anEXPer,0.0,Human
jlmelville,0.0,Human
Tronald,0.0,Human
pfrenssen,0.0,Human
ademarco,0.0,Human
san650,0.0,Human
stefaneberl,0.0,Human
tbroyer,0.0,Human
eamonnmcmanus,0.0,Human
mariotoffia,0.0,Human
phanrahan,0.0,Human
leonardt,0.0,Human
nikku,0.0,Human
carlocayos,0.0,Human
alkondrashov,0.0,Human
w8tcha,0.0,Human
MartinRosserEB,0.0,Human
focusaurus,0.0,Human
osg,0.0,Human
stp-ip,0.0,Human
frederoni,0.0,Human
EtienneLem,0.0,Human
weixuanfu,0.0,Human
miyakogi,0.0,Human
aewallin,0.0,Human
rdinicut,0.0,Human
schloerke,0.0,Human
sampotts,0.0,Human
Kronuz,0.0,Human
markmssd,0.0,Human
pmuens,0.0,Human
siddharthlatest,0.0,Human
yeojz,0.0,Human
ttezel,0.0,Human
hanslovsky,0.0,Human
axtimwalde,0.0,Human
tpietzsch,0.0,Human
maarzt,0.0,Human
trentmwillis,0.0,Human
platinumazure,0.0,Human
mdamien,0.0,Human
boogheta,0.0,Human
sebastianbergmann,0.0,Human
willemstuursma,0.0,Human
mnapoli,0.0,Human
garyb,0.0,Human
markerikson,0.0,Human
edorivai,0.0,Human
facetoe,0.0,Human
alvin-reyes,0.0,Human
ustbhuangyi,0.0,Human
cdepillabout,0.0,Human
mvidner,0.0,Human
panaaj,0.0,Human
kbahr,0.0,Human
Casyfill,0.0,Human
luboshl,0.0,Human
mhart,0.0,Human
terinjokes,0.0,Human
nauvalazhar,0.0,Human
bitwiseman,0.0,Human
jvassev,0.0,Human
Lyokone,0.0,Human
adrianstevens,0.0,Human
mwarkentin,0.0,Human
dicearr,0.0,Human
JohnEstropia,0.0,Human
cspray,0.0,Human
hbrunn,0.0,Human
bluca,0.0,Human
dlepaux,0.0,Human
hariramsvnit,0.0,Human
alexarchambault,0.0,Human
mhilton,0.0,Human
hmemcpy,0.0,Human
mt-micky,0.0,Human
chrisfarber,0.0,Human
eliamaino-fp,0.0,Human
madmurphy,0.0,Human
mdiep,0.0,Human
argon,0.0,Human
yaohaizh,0.0,Human
joeferner,0.0,Human
ZhipingYang,0.0,Human
benureau,0.0,Human
jedrzejchalubek,0.0,Human
nojimage,0.0,Human
ashleynolan,0.0,Human
parkr,0.0,Human
robinwassen,0.0,Human
jantimon,0.0,Human
edi9999,0.0,Human
ceball,0.0,Human
SvetoslavTsenov,0.0,Human
yuzushioh,0.0,Human
nchammas,0.0,Human
pmclanahan,0.0,Human
philippfromme,0.0,Human
caridy,0.0,Human
ericf,0.0,Human
doofin,0.0,Human
securityclippy,0.0,Human
fabienjuif,0.0,Human
dmetzgar,0.0,Human
ewinnington,0.0,Human
josetaira,0.0,Human
jaredhanson,0.0,Human
plusgut,0.0,Human
NgoHuy,0.0,Human
xiongchiamiov,0.0,Human
aquynh,0.0,Human
mrocklin,0.0,Human
itsdalmo,0.0,Human
bweston92,0.0,Human
zaquestion,0.0,Human
inokappa,0.0,Human
mxsasha,0.0,Human
lipis,0.0,Human
lepture,0.0,Human
petersirka,0.0,Human
leekelleher,0.0,Human
jonathanong,0.0,Human
ptrthomas,0.0,Human
BlazZupan,0.0,Human
loburm,0.0,Human
jerriep,0.0,Human
plribeiro3000,0.0,Human
geemus,0.0,Human
xPaw,0.0,Human
dks17,0.0,Human
dbu,0.0,Human
willemdj,0.0,Human
jrichter1,0.0,Human
barakman,0.0,Human
warner,0.0,Human
fassko,0.0,Human
daltoniam,0.0,Human
michaeltchapman,0.0,Human
BenjaSanchez,0.0,Human
IVANDOMENZAIN,0.0,Human
oberstet,0.0,Human
kanitw,0.0,Human
superbobry,0.0,Human
vlio20,0.0,Human
dbashford,0.0,Human
jordan-wright,0.0,Human
Ladsgroup,0.0,Human
Photonios,0.0,Human
RangerMauve,0.0,Human
jcesarmobile,0.0,Human
pioneerskies,0.0,Human
cbpowell,0.0,Human
technomancy,0.0,Human
thedevelobear,0.0,Human
kvolkovich-sc,0.0,Human
mjancarik,0.0,Human
bogdan0083,0.0,Human
Dan503,0.0,Human
jfrolich,0.0,Human
jorilallo,0.0,Human
tommoor,0.0,Human
andrewbonney,0.0,Human
Rotzbua,0.0,Human
jrief,0.0,Human
jthoms1,0.0,Human
NMFR,0.0,Human
moufmouf,0.0,Human
Jimexist,0.0,Human
jhalterman,0.0,Human
klauspost,0.0,Human
twiecki,0.0,Human
jc275,0.0,Human
Digenis,0.0,Human
overcat,0.0,Human
sabeegrewal,0.0,Human
mbrevda,0.0,Human
samuel-girard,0.0,Human
unaizorrilla,0.0,Human
sckott,0.0,Human
leosoto,0.0,Human
pupunzi,0.0,Human
Ruffio,0.0,Human
cypriss,0.0,Human
jenow,0.0,Human
SiggyF,0.0,Human
danreeves,0.0,Human
rgolangh,0.0,Human
puku0x,0.0,Human
altendky,0.0,Human
alexandrebouthinon,0.0,Human
nikossvnk,0.0,Human
cjh1,0.0,Human
NickSeagull,0.0,Human
vetcher,0.0,Human
kurtmckee,0.0,Human
eduardo-rodrigues,0.0,Human
fanyang1988,0.0,Human
vidartf,0.0,Human
chrisfosterelli,0.0,Human
tampajohn,0.0,Human
canard0328,0.0,Human
datakurre,0.0,Human
eigenfoo,0.0,Human
kevin-montrose,0.0,Human
RaimundasSakalauskas,0.0,Human
edcarroll,0.0,Human
kyriog,0.0,Human
ariekahn,0.0,Human
mattrbianchi,0.0,Human
jhaenchen,0.0,Human
stephen-hill,0.0,Human
joehni,0.0,Human
sergeyfrolov,0.0,Human
MikaelEliasson,0.0,Human
mtdowling,0.0,Human
mtrea,0.0,Human
aaronklaassen,0.0,Human
alanfranz,0.0,Human
nitaliano,0.0,Human
aeneasr,0.0,Human
tonyghita,0.0,Human
aantron,0.0,Human
mcjazzyfunky,0.0,Human
thysultan,0.0,Human
ngrandjean,0.0,Human
winterland1989,0.0,Human
yfuks,0.0,Human
pavdmyt,0.0,Human
lionel-,0.0,Human
kamikazechaser,0.0,Human
yagop,0.0,Human
nickdirienzo,0.0,Human
joealcorn,0.0,Human
tocsoft,0.0,Human
fghaas,0.0,Human
RubenVerborgh,0.0,Human
stve,0.0,Human
VivekMChawla,0.0,Human
and-semakin,0.0,Human
b1naryth1ef,0.0,Human
BioQwer,0.0,Human
ro-ka,0.0,Human
ishepard,0.0,Human
johnou,0.0,Human
lukehutch,0.0,Human
ggreer,0.0,Human
jeremyletang,0.0,Human
omichelsen,0.0,Human
millermedeiros,0.0,Human
markvincze,0.0,Human
diwic,0.0,Human
benediktschmitt,0.0,Human
matthewrmshin,0.0,Human
hynekcer,0.0,Human
kratob,0.0,Human
hkdsun,0.0,Human
lucatume,0.0,Human
IdoZilberberg,0.0,Human
arcusfelis,0.0,Human
MuriloSchaefer,0.0,Human
AnneHommelberg,0.0,Human
tcrowe,0.0,Human
mvz,0.0,Human
proofit404,0.0,Human
rkern,0.0,Human
indebanvdhamer,0.0,Human
liszto,0.0,Human
nicolaiarocci,0.0,Human
dkellner,0.0,Human
chihsuan,0.0,Human
martijn00,0.0,Human
carlosalberto,0.0,Human
mikebryant,0.0,Human
dereuromark,0.0,Human
MaartenDesnouck,0.0,Human
samme,0.0,Human
jameskermode,0.0,Human
jbbarth,0.0,Human
Rotarepmi,0.0,Human
smnbbrv,0.0,Human
xieziyu,0.0,Human
xile611,0.0,Human
kwry,0.0,Human
fenollp,0.0,Human
ronjouch,0.0,Human
IonicaBizau,0.0,Human
facelessuser,0.0,Human
shuhaowu,0.0,Human
balsama,0.0,Human
steveoh,0.0,Human
nihgwu,0.0,Human
bvaughn,0.0,Human
kspearrin,0.0,Human
nickschot,0.0,Human
blainekasten,0.0,Human
jamesmh,0.0,Human
championswimmer,0.0,Human
livictoria,0.0,Human
whatyouhide,0.0,Human
haifengl,0.0,Human
julianlam,0.0,Human
jhermsmeier,0.0,Human
lurch,0.0,Human
alfonsogarciacaro,0.0,Human
MangelMaxime,0.0,Human
mportuga,0.0,Human
MelbourneDeveloper,0.0,Human
jarlopez,0.0,Human
Bathtor,0.0,Human
aparcar,0.0,Human
peitschie,0.0,Human
vandenoever,0.0,Human
jaames,0.0,Human
jskeet,0.0,Human
clamoriniere1A,0.0,Human
chrisandreae,0.0,Human
loongy,0.0,Human
AlexWheeler,0.0,Human
mmazzarolo,0.0,Human
billdeitrick,0.0,Human
larsrh,0.0,Human
LukaJCB,0.0,Human
kenshinji,0.0,Human
hdgarrood,0.0,Human
redonkulus,0.0,Human
fkleuver,0.0,Human
giuscris,0.0,Human
serggl,0.0,Human
fraenki,0.0,Human
Mongey,0.0,Human
tgturner,0.0,Human
mikestead,0.0,Human
taligentx,0.0,Human
steadicat,0.0,Human
seesemichaelj,0.0,Human
slewis74,0.0,Human
michaelbazos,0.0,Human
justinseanmartin,0.0,Human
yaakov-h,0.0,Human
catamphetamine,0.0,Human
justanr,0.0,Human
jvanderberg,0.0,Human
malled,0.0,Human
Eomm,0.0,Human
Daegalus,0.0,Human
kaitoy,0.0,Human
tommens,0.0,Human
AlexandreDecan,0.0,Human
lukeyouell,0.0,Human
tariqdaouda,0.0,Human
dwijnand,0.0,Human
AliSoftware,0.0,Human
jeffctown,0.0,Human
ashwin31,0.0,Human
japaric,0.0,Human
Atry,0.0,Human
Ullaakut,0.0,Human
manueliglesias,0.0,Human
GhostofGoes,0.0,Human
mgtriffid,0.0,Human
qiangdavidliu,0.0,Human
kcmr,0.0,Human
hkantare,0.0,Human
amanda-tarafa,0.0,Human
cryptix,0.0,Human
arj03,0.0,Human
goetas,0.0,Human
ivanvotti,0.0,Human
TooTallNate,0.0,Human
fanminshi,0.0,Human
christianbundy,0.0,Human
yogthos,0.0,Human
devfeel,0.0,Human
croomes,0.0,Human
pwalczysko,0.0,Human
aearly,0.0,Human
martin1cerny,0.0,Human
OlegNadymov,0.0,Human
throrin19,0.0,Human
jayphelps,0.0,Human
ArturT,0.0,Human
bfontaine,0.0,Human
srmnitc,0.0,Human
gpbl,0.0,Human
boazsegev,0.0,Human
njgheorghita,0.0,Human
pipermerriam,0.0,Human
ZachEddy,0.0,Human
grissius,0.0,Human
persapiens,0.0,Human
rmpestano,0.0,Human
wgerlach,0.0,Human
jcustenborder,0.0,Human
notwaldorf,0.0,Human
brunobasto,0.0,Human
jbalsas,0.0,Human
diegonvs,0.0,Human
MMatten,0.0,Human
ismamz,0.0,Human
smarlowucf,0.0,Human
TobiasBg,0.0,Human
RomanMinkin,0.0,Human
mike-marcacci,0.0,Human
jaydenseric,0.0,Human
robdmoore,0.0,Human
victorlei,0.0,Human
chenyukang,0.0,Human
elandau,0.0,Human
karolz-ms,0.0,Human
impronunciable,0.0,Human
bjschoenfeld,0.0,Human
favadi,0.0,Human
supermarin,0.0,Human
deadprogram,0.0,Human
jpmckinney,0.0,Human
SimenB,0.0,Human
maxisam,0.0,Human
luk6xff,0.0,Human
MacKLess,0.0,Human
floitsch,0.0,Human
shaofu88,0.0,Human
andrerpena,0.0,Human
wallymathieu,0.0,Human
nateabele,0.0,Human
LongLiveCHIEF,0.0,Human
Ogeon,0.0,Human
kzidane,0.0,Human
danschultzer,0.0,Human
cyli,0.0,Human
thaJeztah,0.0,Human
robdodson,0.0,Human
alice,0.0,Human
EricDahlvang,0.0,Human
guumaster,0.0,Human
bmack,0.0,Human
brettjurgens,0.0,Human
Rob--W,0.0,Human
jeffbski,0.0,Human
stevenpkg,0.0,Human
Oliver-I,0.0,Human
mitchmason,0.0,Human
brett19,0.0,Human
jeancochrane,0.0,Human
zpao,0.0,Human
wickwirew,0.0,Human
phumpal,0.0,Human
asibross,0.0,Human
martint,0.0,Human
thebadmonkeydev,0.0,Human
KayleePop,0.0,Human
ttmarek,0.0,Human
gyscos,0.0,Human
natebosch,0.0,Human
mk13,0.0,Human
chalin,0.0,Human
lpatino10,0.0,Human
Sarkar,0.0,Human
ibgreen,0.0,Human
Corniel,0.0,Human
aarondl,0.0,Human
kitten,0.0,Human
bradmartin,0.0,Human
charlesmoore99,0.0,Human
adamstruck,0.0,Human
RWOverdijk,0.0,Human
edouardmenayde,0.0,Human
mp911de,0.0,Human
statianzo,0.0,Human
felixerdy,0.0,Human
blumu,0.0,Human
nshahan,0.0,Human
luisvt,0.0,Human
JordanSussman,0.0,Human
lintanghui,0.0,Human
godu,0.0,Human
MarkusRabe,0.0,Human
str4d,0.0,Human
sppalkia,0.0,Human
kattni,0.0,Human
bloritsch,0.0,Human
JacobEvelyn,0.0,Human
acasademont,0.0,Human
wtao-mux,0.0,Human
kalwalkden,0.0,Human
schollz,0.0,Human
cboettig,0.0,Human
javadev,0.0,Human
cckelly,0.0,Human
stuartaccent,0.0,Human
dmlb2000,0.0,Human
cascornelissen,0.0,Human
bradymholt,0.0,Human
bekeles,0.0,Human
depryf,0.0,Human
shochdoerfer,0.0,Human
e0ipso,0.0,Human
camilamercado,0.0,Human
hellatan,0.0,Human
geerteltink,0.0,Human
williaster,0.0,Human
devigned,0.0,Human
myleshorton,0.0,Human
bordoley,0.0,Human
ericsink,0.0,Human
gawel,0.0,Human
JRod-Eiman,0.0,Human
rkusa,0.0,Human
cloudkite,0.0,Human
huysentruitw,0.0,Human
parlough,0.0,Human
lucko,0.0,Human
goldfire,0.0,Human
ajbogh,0.0,Human
localredhead,0.0,Human
JordonPhillips,0.0,Human
matthewp,0.0,Human
sausman,0.0,Human
lekosfmi,0.0,Human
aoberoi,0.0,Human
tbremer,0.0,Human
Oceania2018,0.0,Human
cag,0.0,Human
artemy-osipov,0.0,Human
erickpintor,0.0,Human
marrony,0.0,Human
jacstn,0.0,Human
guzzilar,0.0,Human
AleBles,0.0,Human
rimiti,0.0,Human
mikelax,0.0,Human
c00kiemon5ter,0.0,Human
anaisbetts,0.0,Human
AlexWayfer,0.0,Human
tmcgilchrist,0.0,Human
Gama11,0.0,Human
VladoLavor,0.0,Human
Therzok,0.0,Human
ashok1994,0.0,Human
skovhus,0.0,Human
greg-hellings,0.0,Human
gjtorikian,0.0,Human
rolong,0.0,Human
thrix,0.0,Human
mprahl,0.0,Human
ono,0.0,Human
rushfrisby,0.0,Human
olance,0.0,Human
bogdan,0.0,Human
le0pard,0.0,Human
johnlcox,0.0,Human
simonw,0.0,Human
aravindakr95,0.0,Human
yohangz,0.0,Human
wallet77,0.0,Human
tokengeek,0.0,Human
benbowes,0.0,Human
LuckyCyborg,0.0,Human
giraud,0.0,Human
windyakin,0.0,Human
indranilatcal,0.0,Human
danielwertheim,0.0,Human
pengrad,0.0,Human
hansemannn,0.0,Human
einavk,0.0,Human
llemeurfr,0.0,Human
GiladShoham,0.0,Human
gheeres,0.0,Human
svenevs,0.0,Human
henrygd,0.0,Human
dualspiral,0.0,Human
zml2008,0.0,Human
ekarson,0.0,Human
eltonmesquita,0.0,Human
pdeffebach,0.0,Human
bkamins,0.0,Human
tanema,0.0,Human
eyalbe4,0.0,Human
txs1992,0.0,Human
jljsj33,0.0,Human
beefchimi,0.0,Human
weilix88,0.0,Human
casperdcl,0.0,Human
Erikvv,0.0,Human
euank,0.0,Human
shawnrice,0.0,Human
grs,0.0,Human
mapsam,0.0,Human
nalimilan,0.0,Human
kabirbaidhya,0.0,Human
oleurud,0.0,Human
dgaubert,0.0,Human
TheSharpieOne,0.0,Human
kirrg001,0.0,Human
sjkp,0.0,Human
mthenw,0.0,Human
Shynixn,0.0,Human
prydie,0.0,Human
awilsonCurt,0.0,Human
singku,0.0,Human
eriknelson,0.0,Human
lmangani,0.0,Human
jedisct1,0.0,Human
dwrensha,0.0,Human
drug007,0.0,Human
xzkostyan,0.0,Human
jperkelens,0.0,Human
herrstucki,0.0,Human
gabrieldoty,0.0,Human
captainsidd,0.0,Human
benmatselby,0.0,Human
nrwiersma,0.0,Human
calind,0.0,Human
jkutner,0.0,Human
chkr1011,0.0,Human
wdm0006,0.0,Human
knightsc,0.0,Human
buren,0.0,Human
hiddentao,0.0,Human
l0nax,0.0,Human
opeongo,0.0,Human
nickl-,0.0,Human
c4milo,0.0,Human
skykelsey,0.0,Human
tlovett1,0.0,Human
brad,0.0,Human
misi,0.0,Human
midzer,0.0,Human
thegecko,0.0,Human
guybedford,0.0,Human
milesj,0.0,Human
pvasek,0.0,Human
adelavega,0.0,Human
coston,0.0,Human
ostrolucky,0.0,Human
polc,0.0,Human
djdeath,0.0,Human
Prash74,0.0,Human
msimmer,0.0,Human
pieroxy,0.0,Human
bgentry,0.0,Human
isaachier,0.0,Human
koreno,0.0,Human
baohx2000,0.0,Human
maraino,0.0,Human
jamescyeh,0.0,Human
Tigraine,0.0,Human
tknandu,0.0,Human
Andrey1994,0.0,Human
evhub,0.0,Human
yhahn,0.0,Human
LuckyNoS7evin,0.0,Human
swiftyspiffy,0.0,Human
NoahAndrews,0.0,Human
rick,0.0,Human
majormoses,0.0,Human
yajra,0.0,Human
dylanvorster,0.0,Human
travist,0.0,Human
ewjoachim,0.0,Human
ishustava,0.0,Human
blipson89,0.0,Human
DerMika,0.0,Human
vdemeester,0.0,Human
martysweet,0.0,Human
kylef,0.0,Human
nussjustin,0.0,Human
mediocregopher,0.0,Human
timrogers,0.0,Human
jterry75,0.0,Human
felixb,0.0,Human
black-adder,0.0,Human
eps1lon,0.0,Human
andy-ms,0.0,Human
schuchard,0.0,Human
omame,0.0,Human
spencermountain,0.0,Human
coddingtonbear,0.0,Human
szimek,0.0,Human
natemccurdy,0.0,Human
mrprim,0.0,Human
justincormack,0.0,Human
HuKeping,0.0,Human
f,0.0,Human
stakach,0.0,Human
hfwang,0.0,Human
kurtisvg,0.0,Human
jennybc,0.0,Human
jslegendre,0.0,Human
zserge,0.0,Human
AntonioJuliano,0.0,Human
normanargueta,0.0,Human
kazzkiq,0.0,Human
krainboltgreene,0.0,Human
mcfiredrill,0.0,Human
mobileoverlord,0.0,Human
tshort,0.0,Human
tadesautels,0.0,Human
pimterry,0.0,Human
vieira,0.0,Human
Toxicable,0.0,Human
ddgenome,0.0,Human
allejo,0.0,Human
asvishnyakov,0.0,Human
mdholloway,0.0,Human
ojizero,0.0,Human
buddyspike,0.0,Human
adieuadieu,0.0,Human
masakik,0.0,Human
katmratliff,0.0,Human
bemcdonnell,0.0,Human
Jiadalee,0.0,Human
tie-rack,0.0,Human
theoephraim,0.0,Human
kfarnung,0.0,Human
akrantz,0.0,Human
qerub,0.0,Human
maxharlow,0.0,Human
asakusuma,0.0,Human
andresmgot,0.0,Human
berkerpeksag,0.0,Human
astorije,0.0,Human
msiemens,0.0,Human
eugene-eeo,0.0,Human
ericgio,0.0,Human
chiradeep,0.0,Human
gburgett,0.0,Human
arturi,0.0,Human
oyvindln,0.0,Human
james-perretta,0.0,Human
geneh,0.0,Human
jeffmcaffer,0.0,Human
jjdelc,0.0,Human
piotr-bajer,0.0,Human
luboskmetko,0.0,Human
ddunkin,0.0,Human
tmsincomb,0.0,Human
ksshetty,0.0,Human
piotrwitek,0.0,Human
rfk,0.0,Human
maurizi,0.0,Human
JeremySkinner,0.0,Human
jvatic,0.0,Human
ento,0.0,Human
rickbergfalk,0.0,Human
emerali,0.0,Human
googollee,0.0,Human
juancarlospaco,0.0,Human
ba0f3,0.0,Human
jarekwg,0.0,Human
vikeri,0.0,Human
medikoo,0.0,Human
seb-b,0.0,Human
zbateson,0.0,Human
joshaber,0.0,Human
keithduncan,0.0,Human
bneumann,0.0,Human
vict-shevchenko,0.0,Human
mikeerickson,0.0,Human
erickt,0.0,Human
jhchen,0.0,Human
QueenieMar,0.0,Human
Brian-McBride,0.0,Human
berney,0.0,Human
sshipway,0.0,Human
aelsabbahy,0.0,Human
jmacd,0.0,Human
HinTak,0.0,Human
zhangqiangoffice,0.0,Human
philipc,0.0,Human
fitzgen,0.0,Human
piperRyan,0.0,Human
sagebind,0.0,Human
koral--,0.0,Human
jdemeyer,0.0,Human
stijnmoreels,0.0,Human
hsanjuan,0.0,Human
ekzhu,0.0,Human
nickmessing,0.0,Human
repeatedly,0.0,Human
awalterschulze,0.0,Human
notzippy,0.0,Human
bukhsh,0.0,Human
LostCrew,0.0,Human
casesandberg,0.0,Human
naqvitalha,0.0,Human
dominikh,0.0,Human
rohan-varma,0.0,Human
ikeough,0.0,Human
petrsloup,0.0,Human
danigb,0.0,Human
grlee77,0.0,Human
MAliM1988,0.0,Human
customcommander,0.0,Human
okuryu,0.0,Human
liveforeverx,0.0,Human
ylon,0.0,Human
bartvde,0.0,Human
highsource,0.0,Human
nikunjkotecha,0.0,Human
yuvalif,0.0,Human
dtmilano,0.0,Human
jxom,0.0,Human
Xor-el,0.0,Human
EmmaJP,0.0,Human
publicarray,0.0,Human
akoeplinger,0.0,Human
ianchesal,0.0,Human
GiridharanNarayanan,0.0,Human
martinlissmyr,0.0,Human
reox,0.0,Human
moodmosaic,0.0,Human
thumphries,0.0,Human
sho-87,0.0,Human
denesb,0.0,Human
dahankzter,0.0,Human
gwils,0.0,Human
DQinYuan,0.0,Human
seleb,0.0,Human
michalbundyra,0.0,Human
TomHAnderson,0.0,Human
certik,0.0,Human
isuruf,0.0,Human
chjj,0.0,Human
vladbarosan,0.0,Human
soulseekah,0.0,Human
RichardLitt,0.0,Human
nepalez,0.0,Human
dsmorse,0.0,Human
shuttle1987,0.0,Human
janko,0.0,Human
mcarmonaa,0.0,Human
jfontan,0.0,Human
itsmichaeldiego,0.0,Human
am-kantox,0.0,Human
targos,0.0,Human
pi-r-p,0.0,Human
doloopwhile,0.0,Human
kou,0.0,Human
shimberger,0.0,Human
mbest,0.0,Human
peterbourgon,0.0,Human
milhidaka,0.0,Human
errordeveloper,0.0,Human
dlespiau,0.0,Human
andymsuk,0.0,Human
Algunenano,0.0,Human
alisdairjsmyth,0.0,Human
alterphp,0.0,Human
leastprivilege,0.0,Human
db7,0.0,Human
0x53A,0.0,Human
AnthonyLloyd,0.0,Human
benmccann,0.0,Human
ArtSabintsev,0.0,Human
yehjxraymond,0.0,Human
astrofrog,0.0,Human
wrfly,0.0,Human
ADmad,0.0,Human
davidyell,0.0,Human
filrak,0.0,Human
catbaron0,0.0,Human
blueset,0.0,Human
wvangeit,0.0,Human
StephenVavasis,0.0,Human
newpavlov,0.0,Human
glerchundi,0.0,Human
KengoTODA,0.0,Human
h3xstream,0.0,Human
RehanSaeed,0.0,Human
johnrutherford,0.0,Human
joshmoore,0.0,Human
seb86,0.0,Human
michaelchu,0.0,Human
ermakovich,0.0,Human
tir38,0.0,Human
giuseppeg,0.0,Human
cliedeman,0.0,Human
smk508,0.0,Human
dasulit,0.0,Human
tristen,0.0,Human
st-h,0.0,Human
simonpasquier,0.0,Human
hueniverse,0.0,Human
sgratzl,0.0,Human
bthaile,0.0,Human
dave-irvine,0.0,Human
cchantep,0.0,Human
bnomei,0.0,Human
Igloczek,0.0,Human
gregbty,0.0,Human
Spea,0.0,Human
scientistnik,0.0,Human
svk31,0.0,Human
Stranger6667,0.0,Human
dmitshur,0.0,Human
keithamus,0.0,Human
hacdias,0.0,Human
jacquestvanzuydam,0.0,Human
novln,0.0,Human
jaraco,0.0,Human
matrixik,0.0,Human
sriv,0.0,Human
BugDiver,0.0,Human
graphaelli,0.0,Human
ErikHellman,0.0,Human
waitingsong,0.0,Human
KeithGillette,0.0,Human
adamkleingit,0.0,Human
BorisOsipov,0.0,Human
vogloblinsky,0.0,Human
zoul0813,0.0,Human
icebob,0.0,Human
artero,0.0,Human
geerzo,0.0,Human
reidcooper,0.0,Human
pearkes,0.0,Human
muukii,0.0,Human
ceehaupt,0.0,Human
axten,0.0,Human
llllllllll,0.0,Human
m-pilia,0.0,Human
samcook,0.0,Human
carltongibson,0.0,Human
pavel-b-novikov,0.0,Human
ltcmelo,0.0,Human
daveaglick,0.0,Human
Zizzamia,0.0,Human
EvanHerman,0.0,Human
justinbastress,0.0,Human
szook,0.0,Human
carlpett,0.0,Human
ninjaahhh,0.0,Human
tabacitu,0.0,Human
ORESoftware,0.0,Human
SSheldon,0.0,Human
thomasfredericks,0.0,Human
ashmaroli,0.0,Human
pathawks,0.0,Human
Pierstoval,0.0,Human
bretterer,0.0,Human
chilijung,0.0,Human
portellaa,0.0,Human
Zaid-Ajaj,0.0,Human
Gimly,0.0,Human
mitchellhenke,0.0,Human
minrk,0.0,Human
pjlsergeant,0.0,Human
tompng,0.0,Human
aberkow,0.0,Human
tjamet,0.0,Human
yuce,0.0,Human
bajtos,0.0,Human
twada,0.0,Human
p0nce,0.0,Human
ohtangza,0.0,Human
toddpalino,0.0,Human
mzwiessele,0.0,Human
DimitarTodorov,0.0,Human
sjqnn,0.0,Human
WillSewell,0.0,Human
RubenJacobse,0.0,Human
ProfHoekstra,0.0,Human
Roger-luo,0.0,Human
dariuszseweryn,0.0,Human
jumph4x,0.0,Human
kcathey,0.0,Human
hustcc,0.0,Human
ansasaki,0.0,Human
annismckenzie,0.0,Human
nathanschile,0.0,Human
zqfan,0.0,Human
rdp,0.0,Human
chunyenHuang,0.0,Human
MikhailTymchukDX,0.0,Human
mwcz,0.0,Human
thesocialdev,0.0,Human
mjackson,0.0,Human
ndrwrbgs,0.0,Human
davidraythompson,0.0,Human
aalexand,0.0,Human
FoggyFinder,0.0,Human
Happypig375,0.0,Human
jonathantneal,0.0,Human
DavidGarciaCat,0.0,Human
jonbern,0.0,Human
james-lawrence,0.0,Human
mkeeler,0.0,Human
Marwes,0.0,Human
chemerisuk,0.0,Human
greg0ire,0.0,Human
Kcnarf,0.0,Human
mission-liao,0.0,Human
Cameron-C-Chapman,0.0,Human
icco,0.0,Human
humblec,0.0,Human
amarts,0.0,Human
obnoxxx,0.0,Human
aravindavk,0.0,Human
MiguelSavignano,0.0,Human
jiffyclub,0.0,Human
ikatyang,0.0,Human
DannyBen,0.0,Human
marci4,0.0,Human
Koka,0.0,Human
absolute8511,0.0,Human
jacksontj,0.0,Human
sksq96,0.0,Human
drmohundro,0.0,Human
rixx,0.0,Human
raphaelm,0.0,Human
sobolevn,0.0,Human
dabercro,0.0,Human
troshko111,0.0,Human
ortuman,0.0,Human
keeganstreet,0.0,Human
maxime-rainville,0.0,Human
ItalyPaleAle,0.0,Human
jamescgibson,0.0,Human
zigomir,0.0,Human
Lonami,0.0,Human
kipz,0.0,Human
BigBlueHat,0.0,Human
TroyAlford,0.0,Human
puzrin,0.0,Human
paulcwarren,0.0,Human
daffl,0.0,Human
david-yz-liu,0.0,Human
consideRatio,0.0,Human
menshikh-iv,0.0,Human
DanielYKPan,0.0,Human
doublestranded,0.0,Human
nikhila05,0.0,Human
bryanyang0528,0.0,Human
ConnorRigby,0.0,Human
nathanwoulfe,0.0,Human
zedd45,0.0,Human
insightindustry,0.0,Human
