account,project,type
KeithGillette,500tech/angular-tree-component,Human
adamkleingit,500tech/angular-tree-component,Human
rabelenda,undera/jmeter-plugins,Human
BorisOsipov,webdriverio-boneyard/wdio-allure-reporter,Human
vogloblinsky,compodoc/compodoc,Human
zoul0813,vue-generators/vue-form-generator,Human
icebob,vue-generators/vue-form-generator,Human
artero,MarsBased/rosetta-gem,Human
malachy-mcconnell,acquia/acquia_commercemanager,Human
geerzo,benbaran/adal-angular4,Human
reidcooper,watermarkchurch/wcc-contentful,Human
pearkes,hashicorp/go-discover,Human
muukii,muukii/Verge,Human
ceehaupt,nikita-kit/generator-nikita,Human
axten,nikita-kit/generator-nikita,Human
llllllllll,cloudpipe/cloudpickle,Human
m-pilia,simeks/deform,Human
nytamin,nrkno/tv-automation-server-core-integration,Human
samcook,tumtumtum/Shaolinq,Human
carltongibson,django-crispy-forms/django-crispy-forms,Human
pavel-b-novikov,reinforced/Reinforced.Typings,Human
ltcmelo,daveaglick/Buildalyzer,Human
daveaglick,daveaglick/Buildalyzer,Human
Zizzamia,Zizzamia/perfume.js,Human
EvanHerman,godaddy/wp-contact-widgets,Human
yyuu,yyuu/hotdog,Human
justinbastress,zmap/zcrypto,Human
clayzim,zmap/zgrab2,Human
szook,martinlindhe/wmi_exporter,Human
carlpett,martinlindhe/wmi_exporter,Human
ninjaahhh,QuarkChain/quarkchain-web3.js,Human
olix0r,linkerd/linkerd2-proxy-api,Human
tabacitu,Laravel-Backpack/PermissionManager,Human
ORESoftware,ORESoftware/npm-link-up,Human
SSheldon,SSheldon/rust-objc,Human
thomasfredericks,thomasfredericks/Bounce2,Human
ashmaroli,jekyll/jemoji,Human
pathawks,jekyll/jemoji,Human
Pierstoval,Orbitale/ImageMagickPHP,Human
bretterer,okta/okta-sdk-golang,Human
chilijung,Canner/canner,Human
portellaa,Mindera/Alicerce,Human
Zaid-Ajaj,Zaid-Ajaj/Fable.Remoting,Human
Gimly,colethecoder/chronological,Human
mitchellhenke,getsentry/sentry-elixir,Human
minrk,zeromq/pyzmq,Human
pjlsergeant,pherkin/test-bdd-cucumber-perl,Human
tompng,tompng/ar_serializer,Human
aberkow,aberkow/a11y-menu,Human
UsulPro,react-theming/storybook-addon-material-ui,Human
deathdisco,RustAudio/vst-rs,Human
tjamet,whalebrew/whalebrew,Human
yuce,pilosa/go-pilosa,Human
bajtos,strongloop/loopback,Human
twada,power-assert-js/power-assert,Human
p0nce,d-gamedev-team/gfm,Human
ohtangza,mohebifar/react-native-copilot,Human
toddpalino,linkedin/Burrow,Human
mzwiessele,sods/paramz,Human
DimitarTodorov,NativeScript/nativescript-facebook,Human
sjqnn,target/flottbot,Human
WillSewell,pusher/pusher-http-php,Human
RubenJacobse,TUDelft-CNS-ATM/bluesky,Human
ProfHoekstra,TUDelft-CNS-ATM/bluesky,Human
Roger-luo,QuantumBFS/Yao.jl,Human
dariuszseweryn,Polidea/RxAndroidBle,Human
jumph4x,jumph4x/canonical-rails,Human
kcathey,LLNL/maestrowf,Human
hustcc,hustcc/timeago.js,Human
ansasaki,ansasaki/abimap,Human
annismckenzie,CloudyKit/jet,Human
nathanschile,cerner/beadledom,Human
zqfan,TencentCloud/tencentcloud-sdk-go,Human
rdp,rdp/os,Human
chunyenHuang,chunyenHuang/hummusRecipe,Human
MikhailTymchukDX,DevExpress/AjaxControlToolkit,Human
mwcz,patternfly/generator-pfelement,Human
thesocialdev,kartotherian/kartotherian,Human
mjackson,ReactTraining/history,Human
ndrwrbgs,JSkimming/Castle.Core.AsyncInterceptor,Human
davidraythompson,isofit/isofit,Human
aalexand,google/pprof,Human
FoggyFinder,verybadcat/CSharpMath,Human
Happypig375,verybadcat/CSharpMath,Human
jonathantneal,csstools/postcss-preset-env,Human
DavidGarciaCat,mailgun/mailgun-php,Human
jonbern,hubiinetwork/nahmii-cli,Human
james-lawrence,hashicorp/raft,Human
mkeeler,hashicorp/raft,Human
Marwes,Marwes/combine,Human
chemerisuk,chemerisuk/cordova-support-google-services,Human
greg0ire,sonata-project/SonataFormatterBundle,Human
Kcnarf,Kcnarf/d3-voronoi-map,Human
mission-liao,pyopenapi/pyswagger,Human
Cameron-C-Chapman,gothinkster/realworld,Human
icco,icco/graphql,Human
janczer,postcss/autoprefixer,Human
humblec,gluster/gluster-csi-driver,Human
amarts,gluster/gluster-csi-driver,Human
obnoxxx,gluster/gluster-csi-driver,Human
aravindavk,gluster/gluster-csi-driver,Human
MiguelSavignano,MiguelSavignano/dockerize-stack,Human
jiffyclub,jiffyclub/ipythonblocks,Human
ikatyang,eslint/typescript-eslint-parser,Human
DannyBen,DannyBen/kojo,Human
marci4,TooTallNate/Java-WebSocket,Human
Koka,Koka/odbc-rs,Human
absolute8511,youzan/nsq,Human
tinyfive,mycolorway/simditor,Human
jacksontj,jacksontj/dataman,Human
sksq96,sksq96/pytorch-summary,Human
drmohundro,drmohundro/SWXMLHash,Human
rixx,raphaelm/django-i18nfield,Human
raphaelm,raphaelm/django-i18nfield,Human
sobolevn,sobolevn/recase,Human
dabercro,CMSCompOps/WorkflowWebTools,Human
troshko111,Netflix/eureka,Human
ortuman,ortuman/jackal,Human
keeganstreet,DeloitteDigitalAPAC/webpack-config,Human
dwwoelfel,circleci/mongofinil,Human
maxime-rainville,silverstripe/recipe-cms,Human
ItalyPaleAle,ItalyPaleAle/SMCloudStore,Human
zaidka,genieacs/genieacs,Human
jamescgibson,jstat/jstat,Human
zigomir,zigomir/nanocal,Human
Lonami,LonamiWebs/Telethon,Human
kipz,atomist/atomist-internal-sdm,Human
BigBlueHat,http-party/http-server,Human
TroyAlford,TroyAlford/react-jsx-parser,Human
puzrin,nodeca/js-yaml,Human
paulcwarren,paulcwarren/spring-content,Human
daffl,feathersjs-ecosystem/feathers-sync,Human
david-yz-liu,pyta-uoft/pyta,Human
consideRatio,jupyterhub/jupyterlab-hub,Human
menshikh-iv,RaRe-Technologies/smart_open,Human
DanielYKPan,DanielYKPan/date-time-picker,Human
noloader,weidai11/cryptopp,Human
doublestranded,doublestranded/ember-sigmajs,Human
nikhila05,MicroPyramid/Django-CRM,Human
ksatchit,openebs/elves,Human
bryanyang0528,bryanyang0528/ksql-python,Human
ConnorRigby,elixir-sqlite/sqlitex,Human
nathanwoulfe,nathanwoulfe/Plumber,Human
zedd45,Turbo87/leaflet-sidebar,Human
insightindustry,insightindustry/validator-collection,Human
