Followers,Type
190,Bot
27,Bot
2,Bot
1,Bot
126,Bot
44,Bot
1,Bot
1,Bot
117,Bot
43,Bot
1,Bot
3,Bot
4,Bot
3,Bot
880,Bot
248,Bot
364,Bot
0,Bot
19,Bot
0,Bot
14,Bot
0,Bot
94,Bot
305,Bot
9,Bot
294,Bot
0,Bot
2,Bot
0,Bot
0,Bot
5,Bot
1,Bot
0,Bot
110,Bot
9,Bot
0,Bot
150,Bot
0,Bot
3,Bot
966,Bot
21,Bot
129,Bot
15,Bot
2,Bot
2,Bot
70,Bot
91,Bot
13,Bot
5,Bot
3,Bot
0,Bot
0,Bot
9,Bot
0,Bot
5,Bot
0,Bot
1,Bot
3,Bot
1,Bot
0,Bot
65,Bot
60,Bot
45,Bot
17,Bot
15,Bot
29,Bot
40,Bot
4,Bot
0,Bot
3,Bot
0,Bot
3,Bot
5,Bot
0,Bot
20,Bot
1,Bot
5,Bot
2,Bot
4,Bot
7,Bot
1,Bot
92,Bot
2,Bot
1,Bot
5,Bot
1,Bot
3,Bot
0,Bot
7,Bot
6,Bot
1,Bot
0,Bot
0,Bot
8,Bot
4,Bot
0,Bot
1,Bot
0,Bot
195,Bot
0,Bot
0,Bot
4,Bot
1,Bot
0,Bot
0,Bot
3,Bot
94,Bot
1,Bot
5,Bot
549,Bot
1,Bot
0,Bot
0,Bot
0,Bot
0,Bot
0,Bot
0,Bot
0,Bot
1,Bot
1,Bot
5,Bot
6,Bot
1,Bot
32,Bot
0,Bot
1,Bot
190,Bot
3,Bot
0,Bot
1,Bot
4,Bot
0,Bot
1,Bot
0,Bot
1,Bot
4,Bot
3,Bot
79,Bot
1,Bot
4,Bot
1,Bot
4,Bot
15,Bot
0,Bot
5,Bot
0,Bot
0,Bot
7,Bot
1,Bot
0,Bot
0,Bot
0,Bot
0,Bot
6,Bot
0,Bot
0,Bot
5,Bot
1,Bot
0,Bot
131,Bot
9,Bot
0,Bot
3,Bot
0,Bot
0,Bot
10,Bot
2,Bot
3,Bot
1,Bot
0,Bot
3,Bot
1,Bot
0,Bot
1,Bot
1,Bot
2,Bot
0,Bot
0,Bot
0,Bot
0,Bot
1,Bot
0,Bot
0,Bot
1,Bot
0,Bot
14,Bot
2,Bot
0,Bot
0,Bot
0,Bot
1,Bot
0,Bot
0,Bot
26,Bot
0,Bot
70,Bot
5,Bot
6,Bot
7,Bot
0,Bot
0,Bot
0,Bot
0,Bot
0,Bot
1,Bot
0,Bot
3,Bot
1,Bot
0,Bot
2,Bot
0,Bot
0,Bot
4,Bot
2,Bot
1,Bot
22,Bot
3,Bot
0,Bot
0,Bot
1,Bot
18,Bot
0,Bot
0,Bot
115,Bot
10,Bot
12,Bot
2,Bot
2,Bot
0,Bot
0,Bot
0,Bot
1,Bot
10,Bot
0,Bot
0,Bot
0,Bot
0,Bot
4,Bot
4,Bot
5,Bot
16,Bot
0,Bot
4,Bot
8,Bot
0,Bot
5,Bot
8,Bot
0,Bot
5,Bot
5,Bot
1,Bot
5,Bot
3,Bot
1,Bot
15,Bot
4,Bot
1,Bot
6,Bot
2,Bot
1,Bot
0,Bot
10,Bot
19,Bot
2,Bot
0,Bot
7,Bot
0,Bot
53,Bot
0,Bot
2,Bot
1,Bot
1,Bot
0,Bot
1,Bot
17,Bot
10,Bot
1,Bot
1,Bot
1,Bot
3,Bot
0,Bot
17,Bot
1,Bot
16,Bot
3,Bot
3,Bot
4,Bot
1,Bot
0,Bot
0,Bot
0,Bot
0,Bot
0,Bot
0,Bot
0,Bot
0,Bot
57,Bot
0,Bot
1,Bot
0,Bot
1,Bot
0,Bot
0,Bot
0,Bot
0,Bot
1,Bot
0,Bot
1,Bot
0,Bot
1,Bot
0,Bot
11,Bot
0,Bot
0,Bot
0,Bot
2,Bot
37,Bot
5,Bot
837,Bot
0,Bot
1,Bot
0,Bot
0,Bot
6,Bot
2,Bot
1,Bot
0,Bot
0,Bot
0,Bot
1,Bot
31,Bot
0,Bot
0,Bot
24,Bot
0,Bot
5,Bot
12,Bot
92,Bot
7,Bot
2,Bot
7,Bot
1507,Bot
6,Bot
2,Bot
0,Bot
3,Bot
0,Bot
0,Bot
0,Bot
3,Bot
0,Bot
0,Bot
8,Bot
2,Bot
2,Bot
0,Bot
0,Bot
3,Bot
1,Bot
1,Bot
0,Bot
0,Bot
0,Bot
0,Bot
2,Bot
14,Bot
2,Bot
0,Bot
0,Bot
3,Bot
0,Bot
9,Bot
1,Bot
0,Bot
0,Bot
0,Bot
3,Bot
97,Bot
0,Bot
1,Bot
0,Bot
1,Bot
18,Bot
73,Bot
35,Bot
10,Bot
65,Bot
0,Bot
9,Bot
15,Bot
7,Bot
13,Bot
8,Bot
7,Bot
0,Bot
12,Bot
0,Bot
109,Bot
7,Bot
2,Bot
3,Bot
1,Bot
97,Bot
7,Bot
33,Bot
9,Humain
62,Humain
15,Humain
62,Humain
8,Humain
20,Humain
1196,Humain
1475,Humain
3,Humain
14,Humain
550,Humain
23,Humain
0,Humain
642,Humain
16,Humain
104,Humain
274,Humain
8,Humain
344,Humain
88,Humain
2779,Humain
1,Humain
2656,Humain
10,Humain
71,Humain
5,Humain
5,Humain
49,Humain
95,Humain
804,Humain
59,Humain
81,Humain
45,Humain
5568,Humain
40,Humain
18,Humain
269,Humain
457,Humain
336,Humain
1475,Humain
5,Humain
83,Humain
47,Humain
26,Humain
1418,Humain
2,Humain
57,Humain
8,Humain
50,Humain
621,Humain
12,Humain
0,Humain
288,Humain
117,Humain
52,Humain
5,Humain
15,Humain
58,Humain
3,Humain
31,Humain
47,Humain
32,Humain
4,Humain
101,Humain
70,Humain
147,Humain
70,Humain
245,Humain
144,Humain
389,Humain
70,Humain
12,Humain
11,Humain
15,Humain
43,Humain
691,Humain
5,Humain
56,Humain
948,Humain
15,Humain
105,Humain
3,Humain
76,Humain
36,Humain
8,Humain
175,Humain
24,Humain
1231,Humain
267,Humain
545,Humain
9,Humain
51,Humain
9,Humain
27,Humain
3233,Humain
99,Humain
173,Humain
360,Humain
7,Humain
75,Humain
237,Humain
106,Humain
125,Humain
380,Humain
13,Humain
6,Humain
242,Humain
183,Humain
36,Humain
348,Humain
36,Humain
9,Humain
96,Humain
0,Humain
180,Humain
2,Humain
6667,Humain
375,Humain
47,Humain
86,Humain
570,Humain
147,Humain
153,Humain
48,Humain
26,Humain
59,Humain
4,Humain
153,Humain
217,Humain
5135,Humain
812,Humain
312,Humain
133,Humain
171,Humain
929,Humain
105,Humain
8,Humain
59,Humain
217,Humain
6,Humain
20,Humain
142,Humain
76,Humain
10,Humain
30,Humain
10,Humain
8,Humain
1606,Humain
7,Humain
266,Humain
31,Humain
66,Humain
179,Humain
208,Humain
323,Humain
349,Humain
61,Humain
36,Humain
18,Humain
20,Humain
11,Humain
96,Humain
142,Humain
100,Humain
14,Humain
4,Humain
20,Humain
16,Humain
62,Humain
63,Humain
71,Humain
219,Humain
124,Humain
17,Humain
418,Humain
22,Humain
12,Humain
147,Humain
86,Humain
25,Humain
242,Humain
24,Humain
175,Humain
358,Humain
43,Humain
143,Humain
161,Humain
218,Humain
157,Humain
48,Humain
1,Humain
18,Humain
45,Humain
302,Humain
33,Humain
423,Humain
15,Humain
246,Humain
79,Humain
188,Humain
97,Humain
158,Humain
11,Humain
79,Humain
212,Humain
14,Humain
575,Humain
2,Humain
11,Humain
11,Humain
33,Humain
284,Humain
1,Humain
27,Humain
1,Humain
43,Humain
92,Humain
937,Humain
185,Humain
435,Humain
76,Humain
107,Humain
1335,Humain
24,Humain
157,Humain
471,Humain
10,Humain
171,Humain
4,Humain
1,Humain
61,Humain
10,Humain
4,Humain
726,Humain
38,Humain
53,Humain
234,Humain
9,Humain
206,Humain
3,Humain
0,Humain
112,Humain
139,Humain
6,Humain
5,Humain
11,Humain
27,Humain
143,Humain
7,Humain
1953,Humain
148,Humain
24,Humain
31,Humain
75,Humain
286,Humain
36,Humain
19,Humain
1166,Humain
11932,Humain
42,Humain
617,Humain
131,Humain
25,Humain
4,Humain
6,Humain
66,Humain
160,Humain
594,Humain
49,Humain
19,Humain
5034,Humain
817,Humain
348,Humain
10,Humain
52,Humain
73,Humain
126,Humain
15,Humain
2,Humain
315,Humain
7,Humain
174,Humain
196,Humain
67,Humain
51,Humain
6,Humain
0,Humain
20,Humain
11,Humain
294,Humain
14,Humain
38,Humain
17,Humain
20,Humain
12,Humain
42,Humain
155,Humain
72,Humain
16,Humain
13,Humain
60,Humain
26,Humain
276,Humain
74,Humain
25,Humain
17,Humain
8,Humain
368,Humain
130,Humain
62,Humain
108,Humain
369,Humain
67,Humain
1795,Humain
159,Humain
50,Humain
32,Humain
19,Humain
51,Humain
1,Humain
23,Humain
138,Humain
730,Humain
299,Humain
866,Humain
1243,Humain
61,Humain
1132,Humain
4,Humain
11,Humain
2139,Humain
15,Humain
5,Humain
291,Humain
89,Humain
348,Humain
1,Humain
1,Humain
4,Humain
105,Humain
136,Humain
59,Humain
99,Humain
2,Humain
31,Humain
38,Humain
425,Humain
4,Humain
27,Humain
22,Humain
26,Humain
17,Humain
2,Humain
28,Humain
176,Humain
42,Humain
20,Humain
15,Humain
611,Humain
9,Humain
28,Humain
6,Humain
78,Humain
40,Humain
59,Humain
169,Humain
0,Humain
14,Humain
1,Humain
6,Humain
1,Humain
0,Humain
20,Humain
169,Humain
170,Humain
4,Humain
51,Humain
53,Humain
94,Humain
140,Humain
8,Humain
71,Humain
16,Humain
3534,Humain
27,Humain
29,Humain
827,Humain
46,Humain
2698,Humain
29,Humain
292,Humain
5587,Humain
181,Humain
66,Humain
86,Humain
93,Humain
60,Humain
856,Humain
87,Humain
2,Humain
39,Humain
2,Humain
100,Humain
577,Humain
441,Humain
1,Humain
631,Humain
22,Humain
30,Humain
370,Humain
86,Humain
64,Humain
45,Humain
586,Humain
2,Humain
7,Humain
75,Humain
42,Humain
118,Humain
117,Humain
3,Humain
48,Humain
1,Humain
11,Humain
2,Humain
1,Humain
16743,Humain
6,Humain
1978,Humain
65,Humain
10,Humain
32,Humain
85,Humain
23,Humain
0,Humain
40,Humain
2,Humain
196,Humain
92,Humain
30,Humain
388,Humain
233,Humain
0,Humain
31,Humain
505,Humain
35,Humain
2,Humain
54,Humain
59,Humain
103,Humain
326,Humain
535,Humain
61,Humain
525,Humain
6,Humain
437,Humain
45,Humain
201,Humain
100,Humain
46,Humain
193,Humain
49,Humain
4,Humain
231,Humain
37,Humain
2,Humain
80,Humain
1,Humain
20,Humain
352,Humain
832,Humain
183,Humain
1,Humain
10,Humain
1455,Humain
4,Humain
55,Humain
28,Humain
27,Humain
3,Humain
418,Humain
1360,Humain
92,Humain
429,Humain
84,Humain
7,Humain
385,Humain
84,Humain
38,Humain
106,Humain
8,Humain
2,Humain
5,Humain
1,Humain
2,Humain
85,Humain
66,Humain
0,Humain
24,Humain
1,Humain
31,Humain
68,Humain
99,Humain
415,Humain
54,Humain
22,Humain
6,Humain
624,Humain
3,Humain
123,Humain
36,Humain
11216,Humain
229,Humain
57,Humain
1914,Humain
13,Humain
3,Humain
39,Humain
9,Humain
212,Humain
16,Humain
27,Humain
206,Humain
289,Humain
22,Humain
841,Humain
6167,Humain
24,Humain
49,Humain
124,Humain
817,Humain
61,Humain
0,Humain
20,Humain
1,Humain
54,Humain
6,Humain
17,Humain
41,Humain
2,Humain
13,Humain
14,Humain
401,Humain
22,Humain
46,Humain
983,Humain
664,Humain
9,Humain
99,Humain
5,Humain
43,Humain
4,Humain
26,Humain
123,Humain
1,Humain
2,Humain
38,Humain
50,Humain
4,Humain
481,Humain
58,Humain
95,Humain
33,Humain
28,Humain
300,Humain
8,Humain
701,Humain
12,Humain
54,Humain
5,Humain
117,Humain
91,Humain
6,Humain
2,Humain
9,Humain
6,Humain
15,Humain
0,Humain
49,Humain
17,Humain
426,Humain
239,Humain
42,Humain
15,Humain
1,Humain
233,Humain
189,Humain
276,Humain
5,Humain
231,Humain
57,Humain
639,Humain
36,Humain
24,Humain
7,Humain
6,Humain
59,Humain
60,Humain
42,Humain
90,Humain
62,Humain
149,Humain
52,Humain
21,Humain
27,Humain
64,Humain
27,Humain
36,Humain
38,Humain
468,Humain
5496,Humain
2544,Humain
68,Humain
17,Humain
3,Humain
6,Humain
4,Humain
1963,Humain
589,Humain
28,Humain
46,Humain
13,Humain
75,Humain
78,Humain
106,Humain
2075,Humain
2,Humain
262,Humain
41,Humain
3,Humain
21,Humain
2998,Humain
39,Humain
91,Humain
149,Humain
10,Humain
17,Humain
48,Humain
50,Humain
130,Humain
8,Humain
1058,Humain
9,Humain
229,Humain
297,Humain
35,Humain
859,Humain
16,Humain
85,Humain
435,Humain
31,Humain
32,Humain
18,Humain
19,Humain
209,Humain
181,Humain
605,Humain
32,Humain
15,Humain
14,Humain
4,Humain
50,Humain
298,Humain
15,Humain
4395,Humain
119,Humain
389,Humain
2,Humain
14,Humain
1770,Humain
69,Humain
96,Humain
12852,Humain
852,Humain
245,Humain
59,Humain
33,Humain
2,Humain
73,Humain
847,Humain
2,Humain
223,Humain
4,Humain
51,Humain
25,Humain
60,Humain
1,Humain
77,Humain
201,Humain
538,Humain
1,Humain
196,Humain
83,Humain
53,Humain
234,Humain
27,Humain
338,Humain
24,Humain
59,Humain
164,Humain
155,Humain
53,Humain
0,Humain
0,Humain
30,Humain
5,Humain
301,Humain
33,Humain
2843,Humain
0,Humain
87,Humain
488,Humain
13,Humain
21,Humain
36,Humain
46,Humain
50,Humain
22,Humain
1,Humain
3,Humain
5,Humain
40,Humain
244,Humain
65,Humain
1,Humain
0,Humain
55,Humain
311,Humain
11834,Humain
11,Humain
1293,Humain
0,Humain
453,Humain
80,Humain
17,Humain
101,Humain
59,Humain
15,Humain
7,Humain
179,Humain
159,Humain
36,Humain
196,Humain
137,Humain
165,Humain
4,Humain
108,Humain
194,Humain
120,Humain
264,Humain
26,Humain
57,Humain
37,Humain
24,Humain
191,Humain
3444,Humain
6,Humain
22,Humain
0,Humain
13,Humain
159,Humain
42,Humain
0,Humain
48,Humain
12,Humain
128,Humain
37,Humain
8,Humain
36,Humain
29,Humain
1,Humain
791,Humain
1948,Humain
79,Humain
336,Humain
382,Humain
96,Humain
16,Humain
64,Humain
15,Humain
2,Humain
145,Humain
9,Humain
73,Humain
377,Humain
1617,Humain
139,Humain
457,Humain
202,Humain
23,Humain
77,Humain
75,Humain
287,Humain
120,Humain
87,Humain
105,Humain
25,Humain
280,Humain
764,Humain
998,Humain
8,Humain
176,Humain
63,Humain
41,Humain
0,Humain
3,Humain
16,Humain
10,Humain
55,Humain
17,Humain
78,Humain
64,Humain
21,Humain
8,Humain
10,Humain
1,Humain
75,Humain
8,Humain
22,Humain
770,Humain
37,Humain
16,Humain
53,Humain
46,Humain
2421,Humain
3,Humain
2,Humain
50,Humain
1419,Humain
7,Humain
67,Humain
5,Humain
20,Humain
18,Humain
315,Humain
134,Humain
6,Humain
21,Humain
159,Humain
77,Humain
184,Humain
25,Humain
101,Humain
65,Humain
17,Humain
108,Humain
318,Humain
228,Humain
5,Humain
42,Humain
18,Humain
57,Humain
252,Humain
12,Humain
368,Humain
11,Humain
641,Humain
16,Humain
360,Humain
102,Humain
20,Humain
196,Humain
152,Humain
49,Humain
46,Humain
291,Humain
26,Humain
28,Humain
13,Humain
68,Humain
285,Humain
228,Humain
121,Humain
47,Humain
51,Humain
33,Humain
87,Humain
101,Humain
34,Humain
48,Humain
205,Humain
345,Humain
39,Humain
52,Humain
28,Humain
117,Humain
48,Humain
5,Humain
50,Humain
474,Humain
31,Humain
84,Humain
260,Humain
12,Humain
26,Humain
20,Humain
4,Humain
141,Humain
661,Humain
495,Humain
194,Humain
16,Humain
1057,Humain
19,Humain
9,Humain
581,Humain
334,Humain
574,Humain
163,Humain
30,Humain
1528,Humain
18,Humain
237,Humain
36,Humain
109,Humain
33,Humain
313,Humain
4,Humain
36,Humain
5,Humain
105,Humain
0,Humain
41,Humain
43,Humain
18,Humain
126,Humain
200,Humain
2,Humain
183,Humain
42,Humain
158,Humain
145,Humain
1527,Humain
266,Humain
342,Humain
1,Humain
41,Humain
144,Humain
1136,Humain
78,Humain
92,Humain
271,Humain
292,Humain
1,Humain
43,Humain
24,Humain
11,Humain
18,Humain
514,Humain
73,Humain
37,Humain
753,Humain
2,Humain
1475,Humain
2202,Humain
33,Humain
8,Humain
1231,Humain
3200,Humain
2,Humain
119,Humain
3954,Humain
736,Humain
1833,Humain
13,Humain
42,Humain
15,Humain
3983,Humain
8,Humain
1,Humain
229,Humain
0,Humain
26,Humain
55,Humain
37,Humain
35,Humain
157,Humain
41,Humain
6,Humain
29,Humain
1568,Humain
341,Humain
12358,Humain
27,Humain
460,Humain
5,Humain
100,Humain
20,Humain
104,Humain
104,Humain
83,Humain
18,Humain
35,Humain
43,Humain
6,Humain
18,Humain
7,Humain
15,Humain
3,Humain
25,Humain
7,Humain
41,Humain
169,Humain
143,Humain
255,Humain
115,Humain
1562,Humain
24,Humain
17,Humain
29,Humain
38,Humain
4,Humain
2,Humain
71,Humain
244,Humain
104,Humain
28,Humain
2,Humain
11,Humain
41,Humain
4,Humain
15,Humain
0,Humain
34,Humain
32,Humain
18,Humain
151,Humain
1074,Humain
495,Humain
254,Humain
18,Humain
0,Humain
3,Humain
90,Humain
61,Humain
449,Humain
1775,Humain
20,Humain
47802,Humain
53,Humain
0,Humain
67,Humain
5,Humain
49,Humain
64,Humain
131,Humain
24,Humain
7,Humain
76,Humain
4,Humain
115,Humain
0,Humain
6,Humain
64,Humain
2,Humain
28,Humain
75,Humain
197,Humain
6,Humain
585,Humain
224,Humain
379,Humain
1668,Humain
110,Humain
551,Humain
0,Humain
118,Humain
110,Humain
63,Humain
11,Humain
104,Humain
122,Humain
33,Humain
177,Humain
452,Humain
7,Humain
35,Humain
48,Humain
0,Humain
6,Humain
1056,Humain
26,Humain
13,Humain
1,Humain
109,Humain
32,Humain
0,Humain
10,Humain
239,Humain
1794,Humain
6,Humain
912,Humain
10,Humain
36,Humain
281,Humain
188,Humain
7,Humain
19,Humain
0,Humain
6,Humain
4,Humain
49,Humain
101,Humain
15,Humain
92,Humain
3,Humain
152,Humain
27,Humain
24,Humain
25,Humain
1867,Humain
477,Humain
1,Humain
12,Humain
11,Humain
4,Humain
41,Humain
100,Humain
663,Humain
34,Humain
18,Humain
38,Humain
99,Humain
334,Humain
779,Humain
170,Humain
4,Humain
72,Humain
90,Humain
0,Humain
331,Humain
844,Humain
43,Humain
19,Humain
756,Humain
620,Humain
980,Humain
165,Humain
68,Humain
12,Humain
727,Humain
19,Humain
1,Humain
158,Humain
478,Humain
28,Humain
76,Humain
80,Humain
120,Humain
3,Humain
18,Humain
46,Humain
819,Humain
247,Humain
160,Humain
1458,Humain
52,Humain
30,Humain
40,Humain
0,Humain
127,Humain
170,Humain
1,Humain
232,Humain
67,Humain
0,Humain
259,Humain
429,Humain
7,Humain
4,Humain
907,Humain
42,Humain
236,Humain
372,Humain
11,Humain
34,Humain
1,Humain
144,Humain
49,Humain
695,Humain
1,Humain
8,Humain
9,Humain
38,Humain
151,Humain
32,Humain
425,Humain
3796,Humain
918,Humain
53,Humain
21,Humain
96,Humain
17,Humain
25,Humain
75,Humain
10928,Humain
30,Humain
32,Humain
439,Humain
1219,Humain
2506,Humain
35,Humain
123,Humain
63,Humain
126,Humain
2015,Humain
5,Humain
14,Humain
1738,Humain
292,Humain
692,Humain
9,Humain
154,Humain
32,Humain
30,Humain
15,Humain
20,Humain
28,Humain
2055,Humain
205,Humain
104,Humain
7,Humain
1803,Humain
0,Humain
58,Humain
107,Humain
0,Humain
57,Humain
34,Humain
98,Humain
20,Humain
71,Humain
130,Humain
531,Humain
242,Humain
43,Humain
13,Humain
138,Humain
4,Humain
145,Humain
275,Humain
35,Humain
175,Humain
106,Humain
34,Humain
179,Humain
1,Humain
560,Humain
648,Humain
327,Humain
22,Humain
338,Humain
2,Humain
65,Humain
1471,Humain
133,Humain
49,Humain
872,Humain
221,Humain
74,Humain
35,Humain
438,Humain
12,Humain
9,Humain
413,Humain
3942,Humain
617,Humain
4264,Humain
3,Humain
60,Humain
2,Humain
28,Humain
11,Humain
73,Humain
19,Humain
74,Humain
46,Humain
62,Humain
3,Humain
47,Humain
4852,Humain
4,Humain
661,Humain
167,Humain
229,Humain
182,Humain
33,Humain
470,Humain
8,Humain
459,Humain
14,Humain
45,Humain
65,Humain
73,Humain
9,Humain
57,Humain
55,Humain
16,Humain
58,Humain
103,Humain
59,Humain
97,Humain
20,Humain
3,Humain
490,Humain
47,Humain
63,Humain
41,Humain
57,Humain
80,Humain
1511,Humain
36,Humain
13,Humain
3,Humain
16,Humain
13,Humain
108,Humain
60,Humain
10,Humain
250,Humain
205,Humain
86,Humain
1153,Humain
328,Humain
225,Humain
12,Humain
39,Humain
181,Humain
35,Humain
2139,Humain
5,Humain
309,Humain
4903,Humain
98,Humain
21,Humain
50,Humain
12,Humain
29,Humain
86,Humain
56,Humain
111,Humain
50,Humain
50,Humain
4,Humain
405,Humain
298,Humain
92,Humain
25,Humain
9,Humain
191,Humain
497,Humain
30,Humain
363,Humain
499,Humain
230,Humain
42,Humain
22,Humain
94,Humain
1450,Humain
281,Humain
3,Humain
0,Humain
21,Humain
481,Humain
135,Humain
495,Humain
90,Humain
64,Humain
6066,Humain
667,Humain
139,Humain
34,Humain
39,Humain
126,Humain
2,Humain
124,Humain
50,Humain
153,Humain
144,Humain
40,Humain
89,Humain
24,Humain
24,Humain
5,Humain
144,Humain
344,Humain
108,Humain
20,Humain
57,Humain
209,Humain
82,Humain
734,Humain
59,Humain
1266,Humain
1256,Humain
1090,Humain
126,Humain
745,Humain
180,Humain
23,Humain
68,Humain
36,Humain
1092,Humain
37,Humain
35,Humain
5986,Humain
203,Humain
23,Humain
601,Humain
73,Humain
77,Humain
77,Humain
1463,Humain
107,Humain
845,Humain
56,Humain
5,Humain
5,Humain
256,Humain
5,Humain
74,Humain
308,Humain
48,Humain
57,Humain
4,Humain
14,Humain
31,Humain
10,Humain
265,Humain
27,Humain
29,Humain
1804,Humain
71,Humain
818,Humain
67,Humain
2,Humain
8,Humain
1,Humain
297,Humain
9,Humain
234,Humain
70,Humain
761,Humain
2017,Humain
177,Humain
372,Humain
69,Humain
11,Humain
41,Humain
28,Humain
58,Humain
704,Humain
75,Humain
21,Humain
43,Humain
131,Humain
277,Humain
13,Humain
49,Humain
161,Humain
4,Humain
468,Humain
5,Humain
260,Humain
332,Humain
118,Humain
1,Humain
1,Humain
173,Humain
5,Humain
49,Humain
143,Humain
32,Humain
1942,Humain
2,Humain
20,Humain
50,Humain
712,Humain
66,Humain
33,Humain
14,Humain
182,Humain
351,Humain
200,Humain
56,Humain
63,Humain
136,Humain
220,Humain
184,Humain
65,Humain
95,Humain
35,Humain
564,Humain
447,Humain
10,Humain
5,Humain
80,Humain
2738,Humain
14,Humain
293,Humain
284,Humain
4,Humain
4,Humain
4,Humain
58,Humain
6,Humain
74,Humain
7,Humain
8,Humain
8,Humain
3,Humain
3,Humain
24,Humain
603,Humain
74,Humain
0,Humain
51,Humain
3,Humain
25,Humain
118,Humain
92,Humain
92,Humain
165,Humain
45,Humain
220,Humain
63,Humain
1672,Humain
177,Humain
122,Humain
460,Humain
257,Humain
178,Humain
155,Humain
10,Humain
110,Humain
67,Humain
126,Humain
27,Humain
133,Humain
26,Humain
1063,Humain
541,Humain
309,Humain
494,Humain
0,Humain
624,Humain
45,Humain
74,Humain
205,Humain
32,Humain
100,Humain
1328,Humain
194,Humain
2384,Humain
9,Humain
106,Humain
248,Humain
26,Humain
260,Humain
200,Humain
26,Humain
43,Humain
117,Humain
59,Humain
278,Humain
20,Humain
239,Humain
28,Humain
4,Humain
154,Humain
37,Humain
3023,Humain
130,Humain
196,Humain
213,Humain
247,Humain
0,Humain
49,Humain
191,Humain
25,Humain
96,Humain
37,Humain
57,Humain
159,Humain
25,Humain
21,Humain
25,Humain
23,Humain
11,Humain
77,Humain
520,Humain
97,Humain
33,Humain
175,Humain
5,Humain
169,Humain
26,Humain
66,Humain
9,Humain
15,Humain
6,Humain
32,Humain
61,Humain
23,Humain
7,Humain
52,Humain
1363,Humain
451,Humain
448,Humain
34,Humain
46,Humain
394,Humain
66,Humain
197,Humain
57,Humain
3367,Humain
36,Humain
321,Humain
122,Humain
120,Humain
210,Humain
209,Humain
1465,Humain
61,Humain
28,Humain
68,Humain
1,Humain
17,Humain
9,Humain
9,Humain
44,Humain
631,Humain
165,Humain
7,Humain
25,Humain
10,Humain
42,Humain
16,Humain
2228,Humain
82,Humain
163,Humain
5,Humain
3,Humain
5,Humain
1,Humain
1225,Humain
25,Humain
101,Humain
193,Humain
472,Humain
78,Humain
455,Humain
55,Humain
38,Humain
22,Humain
59,Humain
35,Humain
3735,Humain
94,Humain
342,Humain
47,Humain
116,Humain
11,Humain
468,Humain
36,Humain
60,Humain
138,Humain
19,Humain
38,Humain
11,Humain
8,Humain
66,Humain
9,Humain
90,Humain
61,Humain
13,Humain
2,Humain
4,Humain
7,Humain
18,Humain
0,Humain
2,Humain
0,Humain
21,Humain
19,Humain
449,Humain
384,Humain
3150,Humain
144,Humain
401,Humain
239,Humain
1188,Humain
15,Humain
238,Humain
616,Humain
965,Humain
67,Humain
3,Humain
223,Humain
814,Humain
4,Humain
6,Humain
1,Humain
83,Humain
14,Humain
27,Humain
1241,Humain
68,Humain
411,Humain
124,Humain
13,Humain
46,Humain
155,Humain
14,Humain
7,Humain
56,Humain
4,Humain
67,Humain
7,Humain
13,Humain
51,Humain
899,Humain
38,Humain
235,Humain
386,Humain
25,Humain
5,Humain
45,Humain
27,Humain
4,Humain
3,Humain
22,Humain
257,Humain
0,Humain
176,Humain
61,Humain
22,Humain
66,Humain
1068,Humain
2,Humain
761,Humain
50,Humain
136,Humain
1734,Humain
149,Humain
37,Humain
13,Humain
1111,Humain
20,Humain
38,Humain
57,Humain
12,Humain
16,Humain
1544,Humain
118,Humain
1052,Humain
105,Humain
17,Humain
344,Humain
209,Humain
167,Humain
897,Humain
25,Humain
176,Humain
370,Humain
5,Humain
10,Humain
649,Humain
47,Humain
253,Humain
6,Humain
10,Humain
106,Humain
478,Humain
7762,Humain
393,Humain
26,Humain
75,Humain
30,Humain
15,Humain
251,Humain
51,Humain
23,Humain
218,Humain
27,Humain
222,Humain
223,Humain
1734,Humain
8533,Humain
256,Humain
7527,Humain
11,Humain
18,Humain
119,Humain
89,Humain
236,Humain
19,Humain
91,Humain
83,Humain
43,Humain
851,Humain
69,Humain
480,Humain
17,Humain
79,Humain
37,Humain
3,Humain
82,Humain
8,Humain
76,Humain
82,Humain
94,Humain
7,Humain
156,Humain
31,Humain
8,Humain
24,Humain
37,Humain
757,Humain
9630,Humain
31,Humain
126,Humain
50,Humain
33,Humain
357,Humain
118,Humain
175,Humain
285,Humain
87,Humain
0,Humain
129,Humain
10,Humain
691,Humain
400,Humain
23,Humain
22,Humain
273,Humain
0,Humain
0,Humain
30,Humain
31,Humain
223,Humain
41,Humain
4,Humain
6,Humain
14,Humain
837,Humain
6,Humain
0,Humain
2,Humain
29,Humain
3,Humain
1,Humain
1,Humain
195,Humain
6,Humain
5,Humain
0,Humain
23,Humain
329,Humain
46,Humain
27,Humain
19,Humain
0,Humain
37,Humain
12,Humain
5,Humain
0,Humain
54,Humain
18,Humain
69,Humain
29,Humain
351,Humain
2,Humain
36,Humain
1,Humain
41,Humain
25,Humain
1,Humain
76,Humain
101,Humain
2,Humain
40,Humain
1,Humain
9,Humain
6,Humain
3,Humain
60,Humain
0,Humain
10,Humain
25,Humain
3,Humain
409,Humain
56,Humain
3,Humain
3,Humain
29,Humain
80,Humain
23,Humain
43,Humain
5,Humain
18,Humain
6,Humain
2,Humain
132,Humain
39,Humain
5,Humain
1,Humain
0,Humain
3,Humain
0,Humain
52,Humain
29,Humain
5,Humain
5,Humain
7,Humain
61,Humain
48,Humain
4,Humain
42,Humain
27,Humain
2,Humain
5,Humain
16,Humain
0,Humain
3,Humain
0,Humain
11,Humain
1,Humain
2,Humain
255,Humain
45,Humain
25,Humain
31,Humain
1,Humain
0,Humain
5393,Humain
0,Humain
1,Humain
37,Humain
0,Humain
6,Humain
6,Humain
10,Humain
0,Humain
1,Humain
1,Humain
179,Humain
30,Humain
1,Humain
0,Humain
1,Humain
2,Humain
17,Humain
1,Humain
18,Humain
0,Humain
4,Humain
36,Humain
8,Humain
0,Humain
0,Humain
2,Humain
1525,Humain
1,Humain
18,Humain
0,Humain
55,Humain
48,Humain
11,Humain
20,Humain
6,Humain
31,Humain
62,Humain
1,Humain
46,Humain
6,Humain
8,Humain
553,Humain
2,Humain
154,Humain
74,Humain
36,Humain
474,Humain
10,Humain
20,Humain
69,Humain
4,Humain
2,Humain
34,Humain
20,Humain
49,Humain
5,Humain
24,Humain
160,Humain
3,Humain
4,Humain
27,Humain
8,Humain
3,Humain
0,Humain
2,Humain
1,Humain
4,Humain
288,Humain
6,Humain
25,Humain
464,Humain
83,Humain
2,Humain
18,Humain
8,Humain
97,Humain
284,Humain
60,Humain
1474,Humain
9,Humain
4,Humain
808,Humain
134,Humain
30,Humain
4,Humain
57,Humain
22,Humain
1614,Humain
18,Humain
1073,Humain
53,Humain
228,Humain
706,Humain
7,Humain
18,Humain
315,Humain
8,Humain
37,Humain
6,Humain
6,Humain
7807,Humain
71,Humain
84,Humain
30,Humain
84,Humain
29,Humain
3,Humain
21,Humain
203,Humain
33,Humain
161,Humain
3,Humain
63,Humain
3,Humain
159,Humain
95,Humain
2,Humain
3,Humain
12,Humain
2744,Humain
689,Humain
490,Humain
15,Humain
60,Humain
5,Humain
1,Humain
27,Humain
2,Humain
5,Humain
73,Humain
1,Humain
243,Humain
0,Humain
20,Humain
248,Humain
118,Humain
66,Humain
39,Humain
53,Humain
18,Humain
17,Humain
45,Humain
16,Humain
8,Humain
27,Humain
147,Humain
27,Humain
40,Humain
36,Humain
10,Humain
320,Humain
27,Humain
26,Humain
3,Humain
40,Humain
7,Humain
109,Humain
21,Humain
11,Humain
174,Humain
11,Humain
24,Humain
19,Humain
14,Humain
47,Humain
8,Humain
1,Humain
104,Humain
15,Humain
48,Humain
8,Humain
4,Humain
29,Humain
24,Humain
104,Humain
87,Humain
37,Humain
67,Humain
205,Humain
11,Humain
10,Humain
4,Humain
0,Humain
2905,Humain
15,Humain
7,Humain
190,Humain
1,Humain
5,Humain
666,Humain
16,Humain
2,Humain
17,Humain
60,Humain
222,Humain
5,Humain
33,Humain
3,Humain
257,Humain
71,Humain
41,Humain
80,Humain
318,Humain
106,Humain
4,Humain
228,Humain
128,Humain
15,Humain
607,Humain
20,Humain
16,Humain
22,Humain
3,Humain
22,Humain
354,Humain
53,Humain
18,Humain
19,Humain
29,Humain
12,Humain
24,Humain
134,Humain
38,Humain
0,Humain
43,Humain
13,Humain
6,Humain
92,Humain
38,Humain
22,Humain
4,Humain
30,Humain
67,Humain
26,Humain
79,Humain
52,Humain
5,Humain
48,Humain
10,Humain
3600,Humain
3,Humain
59,Humain
11,Humain
105,Humain
0,Humain
28,Humain
9,Humain
13,Humain
32,Humain
0,Humain
281,Humain
6,Humain
2,Humain
262,Humain
0,Humain
11,Humain
114,Humain
17,Humain
32,Humain
78,Humain
6,Humain
11,Humain
10,Humain
85,Humain
44,Humain
32,Humain
7,Humain
0,Humain
31,Humain
17,Humain
55,Humain
185,Humain
360,Humain
95,Humain
64,Humain
2,Humain
40,Humain
1,Humain
222,Humain
84,Humain
61,Humain
1048,Humain
22,Humain
40,Humain
424,Humain
105,Humain
20,Humain
0,Humain
4,Humain
4,Humain
0,Humain
1312,Humain
34,Humain
14,Humain
26,Humain
83,Humain
24,Humain
31,Humain
164,Humain
0,Humain
17,Humain
20,Humain
0,Humain
601,Humain
4,Humain
8,Humain
5,Humain
84,Humain
37,Humain
10910,Humain
6,Humain
43,Humain
4,Humain
13,Humain
7,Humain
34,Humain
135,Humain
1,Humain
268,Humain
29,Humain
5,Humain
0,Humain
7,Humain
164,Humain
0,Humain
0,Humain
14,Humain
20,Humain
419,Humain
0,Humain
1,Humain
3,Humain
4,Humain
1,Humain
19,Humain
3,Humain
12,Humain
5,Humain
15,Humain
0,Humain
3,Humain
46,Humain
42,Humain
4,Humain
18,Humain
0,Humain
53,Humain
0,Humain
22,Humain
1,Humain
6,Humain
0,Humain
0,Humain
17,Humain
11,Humain
7,Humain
16,Humain
57,Humain
14,Humain
6,Humain
0,Humain
24,Humain
105,Humain
3,Humain
214,Humain
70,Humain
0,Humain
5,Humain
4,Humain
1591,Humain
94,Humain
0,Humain
32,Humain
799,Humain
0,Humain
2,Humain
8,Humain
0,Humain
9,Humain
1,Humain
1,Humain
0,Humain
235,Humain
1,Humain
0,Humain
0,Humain
24,Humain
18,Humain
4,Humain
0,Humain
4,Humain
0,Humain
0,Humain
0,Humain
105,Humain
0,Humain
1,Humain
23,Humain
0,Humain
0,Humain
1,Humain
349,Humain
88,Humain
6,Humain
2,Humain
764,Humain
12,Humain
385,Humain
25,Humain
3,Humain
2,Humain
129,Humain
118,Humain
15,Humain
598,Humain
36,Humain
42,Humain
0,Humain
1,Humain
34,Humain
0,Humain
66,Humain
0,Humain
1,Humain
134,Humain
6,Humain
12,Humain
4,Humain
27,Humain
62,Humain
14,Humain
87,Humain
7,Humain
27,Humain
81,Humain
1,Humain
78,Humain
4,Humain
25,Humain
6,Humain
85,Humain
203,Humain
186,Humain
203,Humain
436,Humain
396,Humain
467,Humain
128,Humain
131,Humain
274,Humain
7,Humain
2,Humain
85,Humain
1224,Humain
1528,Humain
108,Humain
10,Humain
8,Humain
7,Humain
52,Humain
21,Humain
538,Humain
512,Humain
47,Humain
11,Humain
65,Humain
24,Humain
3,Humain
30,Humain
28,Humain
85,Humain
106,Humain
5,Humain
48,Humain
46,Humain
7,Humain
192,Humain
8,Humain
860,Humain
641,Humain
4,Humain
50,Humain
469,Humain
182,Humain
536,Humain
17,Humain
272,Humain
36,Humain
17,Humain
1329,Humain
119,Humain
80,Humain
9,Humain
1394,Humain
52,Humain
71,Humain
0,Humain
97,Humain
560,Humain
43,Humain
278,Humain
180,Humain
131,Humain
2013,Humain
316,Humain
30,Humain
3,Humain
188,Humain
5,Humain
5,Humain
332,Humain
3,Humain
28,Humain
9,Humain
812,Humain
30,Humain
674,Humain
19,Humain
95,Humain
6409,Humain
19,Humain
118,Humain
4,Humain
129,Humain
160,Humain
208,Humain
163,Humain
250,Humain
25,Humain
214,Humain
104,Humain
180,Humain
40,Humain
6,Humain
198,Humain
113,Humain
547,Humain
34,Humain
1,Humain
302,Humain
10,Humain
4,Humain
38,Humain
46,Humain
874,Humain
4,Humain
113,Humain
54,Humain
449,Humain
1280,Humain
19,Humain
3,Humain
1460,Humain
40,Humain
5617,Humain
52,Humain
65,Humain
28,Humain
0,Humain
108,Humain
277,Humain
1919,Humain
7,Humain
68,Humain
8,Humain
56,Humain
158,Humain
231,Humain
40,Humain
194,Humain
9,Humain
199,Humain
163,Humain
19,Humain
21,Humain
48,Humain
71,Humain
10,Humain
91,Humain
58,Humain
4035,Humain
271,Humain
163,Humain
346,Humain
52,Humain
1613,Humain
499,Humain
126,Humain
1617,Humain
158,Humain
138,Humain
96,Humain
120,Humain
43,Humain
68,Humain
51,Humain
21,Humain
736,Humain
29,Humain
308,Humain
102,Humain
17,Humain
847,Humain
2,Humain
74,Humain
1899,Humain
153,Humain
847,Humain
44,Humain
350,Humain
127,Humain
7,Humain
32,Humain
257,Humain
32,Humain
118,Humain
170,Humain
7,Humain
201,Humain
2038,Humain
3029,Humain
30,Humain
97,Humain
312,Humain
8,Humain
15,Humain
10,Humain
742,Humain
9,Humain
145,Humain
24,Humain
17,Humain
310,Humain
4,Humain
22,Humain
71,Humain
37,Humain
12871,Humain
40,Humain
34,Humain
15,Humain
6,Humain
89,Humain
37,Humain
33,Humain
10,Humain
141,Humain
89,Humain
6,Humain
43,Humain
31,Humain
12,Humain
338,Humain
56,Humain
13,Humain
510,Humain
63,Humain
10,Humain
27,Humain
47,Humain
119,Humain
979,Humain
32,Humain
86,Humain
85,Humain
41,Humain
177,Humain
26,Humain
31,Humain
109,Humain
169,Humain
51,Humain
3,Humain
198,Humain
107,Humain
2140,Humain
9,Humain
45,Humain
31,Humain
116,Humain
146,Humain
36,Humain
426,Humain
60,Humain
156,Humain
22,Humain
367,Humain
39,Humain
15,Humain
307,Humain
7,Humain
54,Humain
22,Humain
79,Humain
34,Humain
42,Humain
41,Humain
285,Humain
65,Humain
55,Humain
1636,Humain
64,Humain
8,Humain
112,Humain
5,Humain
2,Humain
15,Humain
18,Humain
54,Humain
63,Humain
8,Humain
34,Humain
657,Humain
1980,Humain
3241,Humain
40,Humain
238,Humain
647,Humain
32,Humain
69,Humain
35,Humain
30,Humain
36,Humain
1403,Humain
142,Humain
8,Humain
50,Humain
15,Humain
45,Humain
25,Humain
289,Humain
39,Humain
160,Humain
122,Humain
2127,Humain
405,Humain
18,Humain
148,Humain
24,Humain
14,Humain
16,Humain
42,Humain
235,Humain
30,Humain
6,Humain
45,Humain
118,Humain
68,Humain
22,Humain
6,Humain
171,Humain
12,Humain
29,Humain
96,Humain
855,Humain
250,Humain
82,Humain
7,Humain
44,Humain
0,Humain
5,Humain
173,Humain
10,Humain
539,Humain
2,Humain
4,Humain
63,Humain
288,Humain
4828,Humain
504,Humain
32,Humain
49,Humain
505,Humain
10,Humain
53,Humain
6,Humain
227,Humain
128,Humain
102,Humain
6,Humain
156,Humain
222,Humain
805,Humain
58,Humain
46,Humain
85,Humain
72,Humain
58,Humain
904,Humain
4,Humain
60,Humain
25,Humain
7,Humain
33,Humain
442,Humain
91,Humain
861,Humain
73,Humain
34,Humain
70,Humain
42,Humain
8,Humain
107,Humain
10,Humain
1121,Humain
6,Humain
238,Humain
10747,Humain
31,Humain
101,Humain
14,Humain
112,Humain
63,Humain
360,Humain
265,Humain
9,Humain
4,Humain
37,Humain
78,Humain
253,Humain
212,Humain
25,Humain
15493,Humain
10,Humain
11,Humain
107,Humain
134,Humain
115,Humain
68,Humain
13,Humain
62,Humain
65,Humain
8,Humain
6,Humain
4,Humain
25,Humain
4,Humain
175,Humain
2,Humain
0,Humain
1,Humain
3,Humain
42,Humain
90,Humain
104,Humain
1886,Humain
624,Humain
429,Humain
107,Humain
118,Humain
810,Humain
399,Humain
17,Humain
13,Humain
19,Humain
73,Humain
962,Humain
416,Humain
6,Humain
10,Humain
31,Humain
15,Humain
327,Humain
496,Humain
35,Humain
69,Humain
788,Humain
40,Humain
116,Humain
82,Humain
145,Humain
1988,Humain
67,Humain
979,Humain
921,Humain
14,Humain
42,Humain
22,Humain
138,Humain
50,Humain
86,Humain
3889,Humain
9,Humain
33,Humain
62,Humain
44,Humain
19,Humain
86,Humain
0,Humain
3,Humain
60,Humain
170,Humain
25,Humain
5,Humain
32,Humain
366,Humain
172,Humain
315,Humain
13,Humain
333,Humain
30,Humain
72,Humain
1,Humain
106,Humain
407,Humain
17,Humain
115,Humain
438,Humain
928,Humain
24,Humain
33,Humain
60,Humain
188,Humain
13,Humain
91,Humain
6,Humain
0,Humain
7,Humain
161,Humain
342,Humain
22,Humain
23,Humain
13,Humain
36,Humain
76,Humain
98,Humain
11,Humain
6,Humain
27,Humain
43,Humain
5,Humain
4024,Humain
747,Humain
723,Humain
1216,Humain
86,Humain
257,Humain
12,Humain
195,Humain
273,Humain
64,Humain
319,Humain
22,Humain
72,Humain
20,Humain
172,Humain
137,Humain
3,Humain
6,Humain
204,Humain
6,Humain
57,Humain
1875,Humain
104,Humain
28,Humain
10,Humain
795,Humain
611,Humain
749,Humain
1079,Humain
55,Humain
482,Humain
2,Humain
28,Humain
69,Humain
113,Humain
0,Humain
21,Humain
13,Humain
185,Humain
18,Humain
29,Humain
115,Humain
1,Humain
7997,Humain
22,Humain
16,Humain
18,Humain
28,Humain
22,Humain
42,Humain
995,Humain
169,Humain
273,Humain
7,Humain
339,Humain
29,Humain
8,Humain
1,Humain
16,Humain
65,Humain
11,Humain
9,Humain
193,Humain
51,Humain
1,Humain
111,Humain
14,Humain
46,Humain
4,Humain
16,Humain
75,Humain
2870,Humain
13,Humain
240,Humain
27,Humain
9,Humain
40,Humain
43,Humain
130,Humain
32,Humain
41,Humain
40,Humain
51,Humain
107,Humain
91,Humain
14,Humain
841,Humain
137,Humain
66,Humain
9,Humain
5,Humain
4,Humain
411,Humain
188,Humain
7,Humain
106,Humain
19,Humain
40,Humain
51,Humain
963,Humain
13,Humain
25,Humain
36,Humain
62,Humain
222,Humain
73,Humain
80,Humain
19,Humain
15,Humain
154,Humain
54,Humain
212,Humain
119,Humain
71,Humain
520,Humain
66,Humain
3948,Humain
10,Humain
28,Humain
21,Humain
1586,Humain
3,Humain
120,Humain
56,Humain
5,Humain
10,Humain
15,Humain
1,Humain
37,Humain
3,Humain
42,Humain
29,Humain
184,Humain
4,Humain
5,Humain
7,Humain
9,Humain
22,Humain
29,Humain
14,Humain
66,Humain
32,Humain
1838,Humain
7,Humain
50,Humain
813,Humain
21,Humain
56,Humain
23,Humain
21,Humain
2,Humain
2573,Humain
1,Humain
59,Humain
126,Humain
27,Humain
72,Humain
286,Humain
67,Humain
27,Humain
59,Humain
6,Humain
74,Humain
678,Humain
4189,Humain
3,Humain
7,Humain
75,Humain
26,Humain
19,Humain
92,Humain
1555,Humain
18,Humain
14,Humain
16,Humain
32,Humain
50,Humain
6,Humain
21,Humain
22,Humain
117,Humain
47,Humain
25,Humain
50,Humain
373,Humain
461,Humain
373,Humain
8,Humain
189,Humain
1,Humain
109,Humain
48,Humain
61,Humain
65,Humain
51,Humain
22,Humain
549,Humain
30,Humain
87,Humain
92,Humain
4,Humain
72,Humain
472,Humain
52,Humain
34,Humain
27,Humain
90,Humain
14,Humain
0,Humain
3,Humain
2,Humain
27,Humain
1269,Humain
12,Humain
719,Humain
882,Humain
105,Humain
477,Humain
22,Humain
43,Humain
42,Humain
68,Humain
129,Humain
62,Humain
58,Humain
81,Humain
92,Humain
11,Humain
15,Humain
5,Humain
11,Humain
28,Humain
7,Humain
221,Humain
76,Humain
5,Humain
45,Humain
16,Humain
115,Humain
56,Humain
3650,Humain
0,Humain
34,Humain
3097,Humain
133,Humain
221,Humain
102,Humain
288,Humain
14,Humain
201,Humain
46,Humain
1,Humain
89,Humain
9,Humain
3,Humain
6,Humain
182,Humain
1,Humain
40,Humain
49,Humain
1031,Humain
48,Humain
56,Humain
92,Humain
71,Humain
26,Humain
384,Humain
47,Humain
53,Humain
127,Humain
26,Humain
1156,Humain
28,Humain
104,Humain
487,Humain
50,Humain
0,Humain
221,Humain
2,Humain
43,Humain
8,Humain
12,Humain
135,Humain
4,Humain
17,Humain
99,Humain
1663,Humain
1,Humain
8,Humain
196,Humain
29,Humain
39,Humain
10,Humain
31,Humain
8,Humain
12,Humain
274,Humain
2,Humain
24,Humain
93,Humain
367,Humain
105,Humain
16,Humain
131,Humain
14,Humain
152,Humain
176,Humain
990,Humain
100,Humain
0,Humain
268,Humain
1071,Humain
26,Humain
102,Humain
212,Humain
219,Humain
99,Humain
35,Humain
9,Humain
739,Humain
3,Humain
104,Humain
10012,Humain
14,Humain
7,Humain
27,Humain
9,Humain
22,Humain
16,Humain
1001,Humain
6,Humain
1150,Humain
137,Humain
14,Humain
11,Humain
74,Humain
10,Humain
59,Humain
41,Humain
67,Humain
5,Humain
240,Humain
87,Humain
10,Humain
51,Humain
48,Humain
223,Humain
26,Humain
4,Humain
25,Humain
87,Humain
50,Humain
1,Humain
123,Humain
239,Humain
0,Humain
35,Humain
73,Humain
13,Humain
108,Humain
101,Humain
207,Humain
130,Humain
4,Humain
222,Humain
445,Humain
265,Humain
15,Humain
539,Humain
188,Humain
68,Humain
336,Humain
37,Humain
87,Humain
58,Humain
19,Humain
34,Humain
49,Humain
187,Humain
61,Humain
121,Humain
74,Humain
6473,Humain
52,Humain
1143,Humain
285,Humain
4231,Humain
12,Humain
71,Humain
35,Humain
71,Humain
41,Humain
9122,Humain
217,Humain
50,Humain
31,Humain
11,Humain
18,Humain
82,Humain
6,Humain
677,Humain
375,Humain
454,Humain
221,Humain
12,Humain
102,Humain
165,Humain
76,Humain
19,Humain
1,Humain
182,Humain
44,Humain
112,Humain
122,Humain
37,Humain
12,Humain
294,Humain
15,Humain
473,Humain
2,Humain
29,Humain
8,Humain
58,Humain
19,Humain
633,Humain
158,Humain
21,Humain
225,Humain
309,Humain
25,Humain
248,Humain
87,Humain
60,Humain
1320,Humain
26,Humain
394,Humain
98,Humain
36,Humain
14,Humain
174,Humain
68,Humain
76,Humain
81,Humain
385,Humain
877,Humain
51,Humain
35,Humain
52,Humain
118,Humain
9,Humain
15,Humain
0,Humain
3281,Humain
58,Humain
24,Humain
122,Humain
1139,Humain
1619,Humain
25,Humain
50,Humain
66,Humain
73,Humain
225,Humain
1267,Humain
8414,Humain
365,Humain
172,Humain
2167,Humain
249,Humain
19,Humain
21,Humain
0,Humain
2,Humain
51,Humain
466,Humain
1717,Humain
1,Humain
402,Humain
51,Humain
15,Humain
4,Humain
17,Humain
829,Humain
146,Humain
521,Humain
33,Humain
35,Humain
18,Humain
201,Humain
344,Humain
8,Humain
391,Humain
43,Humain
86,Humain
700,Humain
132,Humain
0,Humain
53,Humain
446,Humain
34,Humain
286,Humain
30,Humain
130,Humain
2024,Humain
32,Humain
23,Humain
45,Humain
9,Humain
7,Humain
23,Humain
70,Humain
259,Humain
854,Humain
19,Humain
30,Humain
340,Humain
126,Humain
19,Humain
148,Humain
145,Humain
381,Humain
2105,Humain
2722,Humain
0,Humain
2,Humain
39,Humain
26,Humain
12,Humain
26,Humain
0,Humain
132,Humain
823,Humain
93,Humain
327,Humain
1,Humain
103,Humain
17,Humain
30,Humain
39,Humain
23,Humain
73,Humain
208,Humain
34,Humain
1,Humain
4,Humain
25,Humain
0,Humain
164,Humain
4,Humain
44,Humain
35,Humain
11,Humain
79,Humain
97,Humain
32,Humain
23,Humain
10,Humain
127,Humain
275,Humain
317,Humain
3,Humain
37,Humain
26,Humain
11,Humain
86,Humain
3,Humain
7,Humain
7,Humain
79,Humain
19,Humain
780,Humain
3,Humain
36,Humain
33,Humain
94,Humain
1695,Humain
100,Humain
431,Humain
5,Humain
143,Humain
1,Humain
270,Humain
58,Humain
42,Humain
499,Humain
138,Humain
361,Humain
59,Humain
81,Humain
46,Humain
4,Humain
122,Humain
864,Humain
98,Humain
24,Humain
26,Humain
402,Humain
13,Humain
48,Humain
990,Humain
38,Humain
69,Humain
112,Humain
1175,Humain
27,Humain
120,Humain
56,Humain
1115,Humain
99,Humain
37,Humain
10,Humain
13,Humain
10,Humain
20,Humain
49,Humain
141,Humain
0,Humain
77,Humain
7,Humain
0,Humain
36,Humain
114,Humain
41,Humain
334,Humain
197,Humain
4,Humain
6,Humain
737,Humain
8,Humain
205,Humain
732,Humain
13,Humain
41,Humain
67,Humain
574,Humain
18,Humain
84,Humain
52,Humain
101,Humain
9,Humain
46,Humain
94,Humain
95,Humain
1,Humain
109,Humain
41,Humain
2717,Humain
316,Humain
120,Humain
24,Humain
75,Humain
351,Humain
8598,Humain
638,Humain
54,Humain
119,Humain
215,Humain
3815,Humain
11,Humain
41,Humain
785,Humain
564,Humain
33,Humain
187,Humain
197,Humain
59,Humain
221,Humain
101,Humain
19,Humain
390,Humain
158,Humain
15,Humain
24,Humain
107,Humain
6,Humain
28,Humain
135,Humain
5984,Humain
14,Humain
11,Humain
10,Humain
80,Humain
122,Humain
789,Humain
5,Humain
260,Humain
257,Humain
215,Humain
150,Humain
78,Humain
44,Humain
11,Humain
42,Humain
36,Humain
77,Humain
6,Humain
55,Humain
20,Humain
143,Humain
86,Humain
3,Humain
630,Humain
7,Humain
12,Humain
112,Humain
292,Humain
69,Humain
3,Humain
3,Humain
155,Humain
40,Humain
55,Humain
13,Humain
16,Humain
39,Humain
78,Humain
336,Humain
2320,Humain
29,Humain
87,Humain
1299,Humain
975,Humain
404,Humain
99,Humain
67,Humain
11,Humain
6,Humain
47,Humain
38,Humain
7,Humain
82,Humain
221,Humain
83,Humain
239,Humain
42,Humain
2549,Humain
4494,Humain
32,Humain
142,Humain
949,Humain
181,Humain
38,Humain
7,Humain
264,Humain
4,Humain
20,Humain
102,Humain
1,Humain
63,Humain
1744,Humain
99,Humain
292,Humain
40,Humain
326,Humain
170,Humain
33,Humain
924,Humain
21,Humain
10,Humain
70,Humain
160,Humain
11,Humain
327,Humain
6323,Humain
96,Humain
84,Humain
120,Humain
7,Humain
23,Humain
6,Humain
53,Humain
9,Humain
99,Humain
563,Humain
87,Humain
21,Humain
359,Humain
105,Humain
13,Humain
322,Humain
5,Humain
69,Humain
1279,Humain
609,Humain
292,Humain
836,Humain
5,Humain
42,Humain
60,Humain
14,Humain
30,Humain
6,Humain
36,Humain
176,Humain
78,Humain
411,Humain
54,Humain
49,Humain
1071,Humain
145,Humain
67,Humain
1190,Humain
2729,Humain
265,Humain
171,Humain
114,Humain
93,Humain
12,Humain
695,Humain
186,Humain
8,Humain
1,Humain
7,Humain
46,Humain
94,Humain
69,Humain
3733,Humain
47,Humain
28,Humain
5,Humain
253,Humain
16,Humain
19,Humain
24,Humain
14,Humain
96,Humain
168,Humain
16,Humain
77,Humain
36,Humain
6,Humain
138,Humain
17,Humain
100,Humain
1482,Humain
277,Humain
1,Humain
24,Humain
173,Humain
18,Humain
882,Humain
122,Humain
25,Humain
67,Humain
3,Humain
26,Humain
26,Humain
17,Humain
31,Humain
73,Humain
29,Humain
52,Humain
14,Humain
510,Humain
78,Humain
197,Humain
5,Humain
57,Humain
51,Humain
0,Humain
6,Humain
2207,Humain
476,Humain
800,Humain
268,Humain
16,Humain
4,Humain
26,Humain
19,Humain
185,Humain
0,Humain
4,Humain
118,Humain
131,Humain
8,Humain
11,Humain
83,Humain
178,Humain
154,Humain
582,Humain
44,Humain
145,Humain
132,Humain
1,Humain
114,Humain
320,Humain
73,Humain
30,Humain
435,Humain
574,Humain
27,Humain
48,Humain
98,Humain
582,Humain
36,Humain
18,Humain
188,Humain
23,Humain
290,Humain
54,Humain
4,Humain
90,Humain
16,Humain
0,Humain
2,Humain
8,Humain
49,Humain
103,Humain
100,Humain
177,Humain
1972,Humain
39,Humain
108,Humain
143,Humain
1,Humain
148,Humain
16,Humain
6,Humain
82,Humain
22,Humain
710,Humain
10,Humain
8,Humain
45,Humain
46,Humain
5,Humain
107,Humain
104,Humain
210,Humain
508,Humain
38,Humain
3162,Humain
4,Humain
83,Humain
9,Humain
91,Humain
21,Humain
21,Humain
16,Humain
14,Humain
70,Humain
0,Humain
135,Humain
93,Humain
345,Humain
313,Humain
0,Humain
21,Humain
12,Humain
61,Humain
30,Humain
59,Humain
13,Humain
45,Humain
130,Humain
1,Humain
650,Humain
236,Humain
14,Humain
14,Humain
12,Humain
285,Humain
90,Humain
20,Humain
12,Humain
22,Humain
47,Humain
292,Humain
77,Humain
16,Humain
329,Humain
5,Humain
138,Humain
106,Humain
22,Humain
218,Humain
70,Humain
198,Humain
23,Humain
16,Humain
84,Humain
140,Humain
62,Humain
270,Humain
17,Humain
29,Humain
1,Humain
23,Humain
20,Humain
195,Humain
3135,Humain
3,Humain
240,Humain
3,Humain
25,Humain
14,Humain
88,Humain
9,Humain
19,Humain
83,Humain
60,Humain
37,Humain
249,Humain
299,Humain
91,Humain
117,Humain
5,Humain
51,Humain
289,Humain
15,Humain
2,Humain
99,Humain
483,Humain
3,Humain
552,Humain
18,Humain
230,Humain
72,Humain
72,Humain
236,Humain
62,Humain
106,Humain
1504,Humain
460,Humain
6,Humain
59,Humain
41,Humain
78,Humain
23,Humain
34,Humain
16,Humain
25,Humain
39,Humain
110,Humain
25,Humain
5,Humain
8,Humain
36,Humain
0,Humain
44,Humain
10,Humain
53,Humain
0,Humain
571,Humain
332,Humain
24,Humain
133,Humain
23,Humain
218,Humain
33,Humain
930,Humain
113,Humain
1187,Humain
98,Humain
49,Humain
17,Humain
33,Humain
543,Humain
15,Humain
2118,Humain
16,Humain
88,Humain
85,Humain
43,Humain
122,Humain
42,Humain
569,Humain
188,Humain
51,Humain
15,Humain
125,Humain
0,Humain
433,Humain
5,Humain
214,Humain
365,Humain
0,Humain
2,Humain
25,Humain
8,Humain
897,Humain
34,Humain
4560,Humain
0,Humain
40,Humain
38,Humain
13,Humain
4678,Humain
57,Humain
1519,Humain
135,Humain
2,Humain
189,Humain
253,Humain
109,Humain
222,Humain
110,Humain
3,Humain
433,Humain
16,Humain
160,Humain
20,Humain
156,Humain
222,Humain
4,Humain
23,Humain
11,Humain
29,Humain
545,Humain
22,Humain
0,Humain
33,Humain
65,Humain
14,Humain
34,Humain
104,Humain
25,Humain
11,Humain
86,Humain
201,Humain
38,Humain
68,Humain
813,Humain
127,Humain
181,Humain
92,Humain
35,Humain
49,Humain
19,Humain
95,Humain
5,Humain
3,Humain
12,Humain
91,Humain
9,Humain
36,Humain
2,Humain
23,Humain
16,Humain
2,Humain
0,Humain
829,Humain
278,Humain
19,Humain
637,Humain
46,Humain
82,Humain
37,Humain
176,Humain
38,Humain
782,Humain
239,Humain
161,Humain
8,Humain
52,Humain
1272,Humain
8,Humain
5,Humain
25,Humain
209,Humain
26,Humain
26,Humain
83,Humain
211,Humain
478,Humain
1,Humain
8,Humain
10,Humain
26,Humain
12,Humain
16,Humain
104,Humain
103,Humain
26,Humain
4,Humain
32,Humain
1445,Humain
0,Humain
163,Humain
589,Humain
17,Humain
33,Humain
156,Humain
199,Humain
305,Humain
493,Humain
323,Humain
13,Humain
9,Humain
98,Humain
386,Humain
94,Humain
1337,Humain
248,Humain
178,Humain
67,Humain
268,Humain
66,Humain
2,Humain
40,Humain
198,Humain
111,Humain
0,Humain
81,Humain
157,Humain
7,Humain
18,Humain
44,Humain
126,Humain
211,Humain
137,Humain
2,Humain
62,Humain
280,Humain
24,Humain
0,Humain
5,Humain
50,Humain
96,Humain
66,Humain
36,Humain
17,Humain
13,Humain
156,Humain
71,Humain
47,Humain
108,Humain
89,Humain
550,Humain
148,Humain
2313,Humain
6,Humain
133,Humain
1684,Humain
89,Humain
12,Humain
74,Humain
650,Humain
28,Humain
56,Humain
62,Humain
141,Humain
485,Humain
6,Humain
64,Humain
412,Humain
41,Humain
351,Humain
2765,Humain
36,Humain
567,Humain
78,Humain
9,Humain
28,Humain
6,Humain
25,Humain
1153,Humain
20,Humain
21,Humain
83,Humain
448,Humain
506,Humain
34,Humain
447,Humain
217,Humain
385,Humain
135,Humain
238,Humain
9,Humain
294,Humain
32,Humain
4,Humain
74,Humain
27,Humain
238,Humain
436,Humain
554,Humain
16,Humain
132,Humain
102,Humain
51,Humain
193,Humain
26,Humain
325,Humain
23,Humain
12,Humain
32,Humain
280,Humain
10,Humain
120,Humain
2042,Humain
126,Humain
15,Humain
41,Humain
79,Humain
67,Humain
86,Humain
10,Humain
32,Humain
24,Humain
105,Humain
148,Humain
1915,Humain
1392,Humain
533,Humain
4,Humain
38,Humain
376,Humain
92,Humain
61,Humain
21,Humain
49,Humain
524,Humain
37,Humain
5,Humain
93,Humain
18,Humain
95,Humain
88,Humain
9,Humain
688,Humain
22,Humain
0,Humain
15,Humain
14,Humain
0,Humain
870,Humain
10,Humain
8,Humain
399,Humain
20,Humain
15,Humain
27,Humain
1122,Humain
126,Humain
56,Humain
383,Humain
211,Humain
68,Humain
581,Humain
2,Humain
3,Humain
2,Humain
45,Humain
7,Humain
292,Humain
372,Humain
80,Humain
93,Humain
60,Humain
176,Humain
92,Humain
205,Humain
34,Humain
183,Humain
91,Humain
454,Humain
26,Humain
80,Humain
1086,Humain
43,Humain
74,Humain
14,Humain
147,Humain
18,Humain
66,Humain
479,Humain
1035,Humain
84,Humain
28,Humain
30,Humain
40,Humain
12,Humain
5,Humain
76,Humain
0,Humain
32,Humain
593,Humain
43,Humain
50,Humain
3,Humain
3861,Humain
8,Humain
63,Humain
15,Humain
60,Humain
323,Humain
57,Humain
13,Humain
105,Humain
25,Humain
6074,Humain
7,Humain
24,Humain
21,Humain
19,Humain
46,Humain
1253,Humain
22,Humain
15,Humain
5,Humain
38,Humain
246,Humain
123,Humain
169,Humain
30,Humain
40,Humain
147,Humain
272,Humain
14,Humain
64,Humain
73,Humain
61,Humain
153,Humain
37,Humain
346,Humain
1954,Humain
75,Humain
20,Humain
12,Humain
165,Humain
21,Humain
68,Humain
192,Humain
75,Humain
179,Humain
230,Humain
2523,Humain
4,Humain
24,Humain
77,Humain
84,Humain
16,Humain
154,Humain
115,Humain
28,Humain
133,Humain
477,Humain
24,Humain
252,Humain
26,Humain
334,Humain
61,Humain
698,Humain
80,Humain
166,Humain
106,Humain
65,Humain
8,Humain
31,Humain
36,Humain
150,Humain
150,Humain
19,Humain
33,Humain
3,Humain
