Acti par jour,Type
coveralls,1.0,Bot
renovate,1.0,Bot
leocwlam,1.0,Bot
codecov-io,1.0,Bot
ant-design-bot,1.0,Bot
jnpr-community-netdev,1.0,Bot
ezrobot,2.0,Bot
thelinuxfoundation,1.0,Bot
Leonya,2.0,Bot
Hibernate-CI,2.0,Bot
cf-gitbot,1.0,Bot
VesnaT,3.0,Bot
scrutinizer-notifier,1.0,Bot
tessel-bot,2.0,Bot
haikuoliu,2.0,Bot
manifold-listbot,1.0,Bot
CLAassistant,1.5,Bot
gopherbot,2.0,Bot
snyk-bot,1.0,Bot
aviary2-wf,1.0,Bot
jayudey-wf,2.0,Bot
CFPBot,2.0,Bot
ININ-TransifexAutomation,2.0,Bot
Szetty,2.0,Bot
pravesh-a,2.0,Bot
samhatoum,3.0,Bot
pivotal-issuemaster,1.0,Bot
ScreensBot,1.0,Bot
oca-clabot,1.0,Bot
whulshof,2.0,Bot
fejta-bot,1.0,Bot
GordonTheTurtle,2.0,Bot
holinnn,3.0,Bot
reimannf,2.0,Bot
0crat,1.0,Bot
rultor,2.0,Bot
jsf-clabot,1.0,Bot
devOpsHazelcast,2.0,Bot
theopenlab-ci,2.0,Bot
genie-jnosql,1.0,Bot
ukp-svc-jenkins,1.0,Bot
miq-bot,1.0,Bot
travix-frontend-services,1.0,Bot
slnode,1.0,Bot
coreosbot,1.0,Bot
dsmjs-bot,1.0,Bot
hn-bot,2.5,Bot
Johns-CI-Bot,1.0,Bot
alexandernanberg,3.0,Bot
watson-github-bot,1.0,Bot
openshift-ci-robot,1.0,Bot
datastax-bot,1.0,Bot
kubevirt-bot,3.0,Bot
astropy-bot,1.0,Bot
HT2Bot,1.0,Bot
cmsdmwmbot,1.0,Bot
hubotbot,1.0,Bot
caicloud-bot,2.0,Bot
react-tether-bot,1.0,Bot
vmwclabot,2.0,Bot
grape-bot,1.0,Bot
AppVeyorBot,1.0,Bot
octokitbot,2.0,Bot
gaugebot,1.0,Bot
semantic-release-bot,1.0,Bot
moltinbot,1.0,Bot
mysql-oca-bot,1.0,Bot
netty-bot,1.0,Bot
etcd-bot,1.0,Bot
jetstack-bot,3.0,Bot
sailsbot,1.0,Bot
omnisharp-bot,1.0,Bot
ConfluentCLABot,1.0,Bot
lucas-bot,1.0,Bot
zcabot,1.0,Bot
yii-bot,1.0,Bot
dep-bot,2.0,Bot
salte-bot,1.5,Bot
mongoid-bot,1.0,Bot
gocardless-robot-restricted,1.0,Bot
ualbertalib-bot,1.0,Bot
kissaten-bot,2.0,Bot
windupgithubbot1,1.0,Bot
cb-sdk-robot,1.0,Bot
p1bot,1.0,Bot
testcafe-build-bot,1.0,Bot
lintr-bot,1.0,Bot
renovate-bot,1.0,Bot
sgopsbot,1.0,Bot
forge-bot,2.0,Bot
eclipse-lsp4j-bot,1.0,Bot
doorkeeper-bot,1.0,Bot
stoplight-bot,1.0,Bot
styleguidist-bot,1.0,Bot
omnius-bot,1.0,Bot
mike-north-bot,1.0,Bot
TDSBot,1.0,Bot
shaka-bot,1.0,Bot
symfony-skeleton-bot,3.0,Bot
hawkbit-bot,1.0,Bot
monty-bot,2.0,Bot
parity-cla-bot,1.5,Bot
devicekit-danger-bot,1.0,Bot
OdysseusBot,2.0,Bot
travi-bot,2.0,Bot
TPRobots,1.0,Bot
SupportClass-bot,1.0,Bot
knative-metrics-robot,1.0,Bot
knative-prow-robot,3.0,Bot
ApiaryBot,1.0,Bot
vue-bot,2.0,Bot
react-native-community-bot,1.0,Bot
owo-bot,1.0,Bot
prombot,2.0,Bot
5iMON-bot,2.0,Bot
uias-bot,2.0,Bot
form8ion-bot,1.0,Bot
Rozebot,1.0,Bot
fn-bot,1.0,Bot
kyma-bot,2.0,Bot
gpii-bot,1.0,Bot
upbound-bot,1.0,Bot
landscape-bot,1.0,Bot
voidraybot,3.0,Bot
watermarkchurch-bot,1.0,Bot
lonabot,1.0,Bot
lighthousebot,1.0,Bot
pouchrobot,2.0,Bot
raizlabs-oss-bot,1.0,Bot
khanbot,1.0,Bot
brototyp-bot,1.0,Bot
ArduinoBot,3.0,Bot
AgoricBot,1.0,Bot
NuKeeperBot,2.0,Bot
commitizen-bot,1.0,Bot
coorpacademybot,2.0,Bot
symfony-bot,2.0,Bot
blueprint-bot,1.0,Bot
cla-bot,1.0,Bot
Staffbot,1.5,Bot
theforeman-bot,1.0,Bot
sisu-bot,1.0,Bot
FeedjiraBot,1.0,Bot
michaelhsu-bot,1.0,Bot
GK-keeper-bot,2.0,Bot
fozzie-bot,1.0,Bot
eclipse-jaxb-impl-bot,2.0,Bot
kubermatic-bot,2.0,Bot
toptal-bot,2.0,Bot
zaripych-bot,1.0,Bot
whateverbot,1.0,Bot
azuresdkciprbot,1.0,Bot
tm-github-bot,1.0,Bot
eclipse-milo-bot,2.0,Bot
capistrano-bot,1.0,Bot
acs-bot,1.0,Bot
gitmate-bot,2.0,Bot
getsentry-bot,2.0,Bot
dangerpr-bot,1.0,Bot
OpenCombineBot,1.0,Bot
traverson-bot,1.0,Bot
sofastack-bot,1.0,Bot
workbox-pr-bot,1.0,Bot
allthings-bot,1.0,Bot
MagicMirrorBot,1.5,Bot
vis-bot,3.0,Bot
dingwilsonbot,1.0,Bot
ticobotbot,1.0,Bot
optibot,2.0,Bot
bens-danger-bot,1.0,Bot
webhookbotuser,3.0,Bot
runnabot,1.0,Bot
concourse-bot,2.0,Bot
mention-bot,3.0,Bot
rktbot,1.0,Bot
hpcugentbot,1.0,Bot
salesforce-ux-bot,1.0,Bot
xamarin-cla-bot,1.0,Bot
bsn-bot3,1.0,Bot
IssueHuntBot,1.0,Bot
eslintbot,1.0,Bot
nativescript-vue-bot,1.0,Bot
pantheon-ci-bot,1.0,Bot
reactorbot,1.0,Bot
omex-github-bot-internal,1.0,Bot
dialog-bot,1.0,Bot
LottieSnapshotBot,1.0,Bot
truecar-cla-bot,1.0,Bot
kubermatic-triage-bot,1.0,Bot
cloudwanbot,1.0,Bot
karmarunnerbot,2.0,Bot
sizebot,1.0,Bot
bedevere-bot,1.0,Bot
42bot,1.0,Bot
knative-test-reporter-robot,2.0,Bot
flinkbot,3.0,Bot
elasticsearch-bot,1.0,Bot
hospitalrunbot,3.0,Bot
msft-github-bot,1.0,Bot
theguild-bot,1.0,Bot
jwplayer-robot,1.0,Bot
mui-pr-bot,1.0,Bot
alluxio-bot,2.0,Bot
agones-bot,1.0,Bot
bugsnagbot,1.0,Bot
hasura-bot,2.0,Bot
istio-policy-bot,1.0,Bot
tekton-robot,1.0,Bot
openshift-azure-robot,1.0,Bot
pfn-ci-bot,1.0,Bot
pull-bot,1.0,Bot
webpack-bot,1.0,Bot
tedium-bot,2.0,Bot
nacho-bot,2.0,Bot
bits-bot,1.0,Bot
metamaskbot,2.0,Bot
syndesisio-bot,1.0,Bot
Favware-bot,2.0,Bot
ngrxbot,1.0,Bot
airbnb-bot,1.0,Bot
pdfjsbot,2.0,Bot
swift-server-bot,1.0,Bot
ompiteam-bot,1.0,Bot
callstack-bot,2.0,Bot
bundlerbot,2.0,Bot
pirate-bot,2.0,Bot
docusaurus-bot,2.0,Bot
edx-transifex-bot,2.0,Bot
rh-atomic-bot,1.5,Bot
ng-zorro-bot,1.0,Bot
idealbot,1.0,Bot
mender-test-bot,1.0,Bot
weex-bot,1.0,Bot
mdc-web-bot,2.0,Bot
daisy-bot,1.0,Bot
aws-afr-bot,1.0,Bot
kubevirt-commenter-bot,1.0,Bot
cozy-bot,1.0,Bot
backpackbot,1.0,Bot
google-oss-bot,2.0,Bot
sagemaker-bot,1.0,Bot
StepFunctions-Bot,1.5,Bot
botcerts,1.0,Bot
nockbot,1.0,Bot
retest-bot,1.0,Bot
janusgraph-bot,1.0,Bot
yarpcbot,1.0,Bot
ross-bott,1.0,Bot
aporeto-bot,2.0,Bot
MidLevel-Bot,1.0,Bot
INGIbot,1.0,Bot
skydive-bot,1.0,Bot
ExtendReality-Bot,2.0,Bot
dictybasebot,2.0,Bot
mixmax-bot,1.0,Bot
miroculusbot,1.0,Bot
asanabot,3.0,Bot
matrixbot,3.0,Bot
gitcoinbot,1.0,Bot
z-docker-bot,2.0,Bot
seabird-bot,1.0,Bot
jw-issue-bot,1.0,Bot
tessel-crashbot,1.0,Bot
vscodebot,1.0,Bot
aio-libs-bot,1.0,Bot
knative-housekeeping-robot,1.0,Bot
mods-bot,1.0,Bot
assemblebot,1.0,Bot
robotccm,1.0,Bot
egg-bot,1.0,Bot
babel-bot,1.0,Bot
QacoBot,1.0,Bot
bazel-flag-bot,3.0,Bot
devtools-bot,3.0,Bot
taro-bot,1.0,Bot
yarnbot,2.0,Bot
glassfishrobot,1.0,Bot
homeassistant,2.0,Bot
claassistantio,1.0,Bot
az-iot-builder-01,2.0,Bot
thecodeholic,3.0,Bot
prettyCoders,1.0,Bot
salesforce-cla,1.0,Bot
hashicorp-cla,1.0,Bot
lightbend-cla-validator,1.0,Bot
ddes-ci,2.0,Bot
mailgun-ci,1.0,Bot
centos-ci,1.0,Bot
mesosphere-ci,3.0,Bot
immowelt-ci,1.0,Bot
stripe-ci,2.0,Bot
wildfly-ci,1.0,Bot
infinitered-circleci,1.0,Bot
mesosphere-frontend-ci,2.0,Bot
smartcar-ci,1.0,Bot
appserver-ci,1.5,Bot
react-navigation-ci,1.0,Bot
flexera-ci,1.0,Bot
calabash-ci,1.0,Bot
smartive-ci,1.0,Bot
atticlabs-ci,1.0,Bot
akka-ci,3.0,Bot
chainer-ci,2.0,Bot
build-travis-ci,1.0,Bot
shiftjs-circleci,1.0,Bot
jdroid-ci,2.0,Bot
asf-ci,1.0,Bot
livingdocs-automation,2.0,Bot
opa-updater-automation,1.0,Bot
ibm-devx-automation,3.0,Bot
status-im-auto,1.0,Bot
Google-Autofuzz,2.0,Bot
bors-homu,1.0,Bot
the-knights-who-say-ni,1.0,Bot
jujugui,1.0,Bot
yahoocla,1.0,Bot
SendGridDX,1.0,Bot
octokit-fixture-user-a,1.0,Bot
PRB0t,2.0,Bot
CocoaPodsBarista,1.0,Bot
ovh-cds,1.0,Bot
GitCop,1.0,Bot
boxcla,2.0,Bot
msftclas,1.0,Bot
mayerm94,2.0,Bot
miki725,5.0,Humain
mikedidomizio,2.0,Humain
shiatsumat,2.0,Humain
wti806,1.0,Humain
FrankD412,1.0,Humain
ramya-rao-a,5.0,Humain
yu199195,3.0,Humain
erlepereira,2.0,Humain
cjermain,4.0,Humain
ericchiang,3.0,Humain
edsu,4.0,Humain
tkishel,3.0,Humain
DavidS,4.0,Humain
normj,2.0,Humain
maxwellgerber,5.0,Humain
tschaub,5.0,Humain
wuxudong,1.0,Humain
siddontang,4.0,Humain
thomasp85,4.0,Humain
y-takey,3.0,Humain
corinnekrych,4.0,Humain
raipc,4.0,Humain
rodionos,1.0,Humain
cbrevik,3.0,Humain
robinmanuelthiel,4.0,Humain
yurishkuro,3.0,Humain
callum-oakley,4.0,Humain
JesperLekland,5.0,Humain
GSadee,5.0,Humain
s0md3v,2.0,Humain
AmauriC,2.0,Humain
cjelger,3.0,Humain
chshersh,4.0,Humain
slok,5.0,Humain
yesmeck,4.0,Humain
nitzanj,2.0,Humain
erikandre,2.0,Humain
duncdrum,4.0,Humain
captn3m0,6.0,Humain
rsmekala,1.0,Humain
bricesanchez,4.0,Humain
chuanshuoye,2.0,Humain
grgrzybek,4.0,Humain
SamVerschueren,3.0,Humain
jonathanswong,2.0,Humain
rhelmot,3.0,Humain
redgeoff,5.0,Humain
justinlittman,6.0,Humain
jsemler,1.0,Humain
smithad15,3.0,Humain
ihacku,1.0,Humain
jancajthaml,4.0,Humain
joelrebel,4.0,Humain
yangjianzhou,1.0,Humain
jeffgbutler,3.0,Humain
Kiikurage,4.0,Humain
GaoJiasheng,2.0,Humain
Zales0123,5.0,Humain
faisalman,2.0,Humain
HazAT,5.0,Humain
salgum1114,2.0,Humain
kkoumantaros,2.0,Humain
wnxn,2.0,Humain
vincentfretin,6.0,Humain
sbinet,5.0,Humain
agelostsal,2.0,Humain
DvdMgr,3.0,Humain
qjouda,1.0,Humain
jaumard,3.0,Humain
mnocon,2.0,Humain
ciscoheat,2.0,Humain
rasmuserik,5.0,Humain
mosquito,3.0,Humain
aokumasan,2.0,Humain
thedrow,3.0,Humain
auvipy,3.0,Humain
decadence,1.0,Humain
peterdettman,3.0,Humain
NickNeck,6.0,Humain
cmswalker,3.0,Humain
alvarotrigo,3.0,Humain
galvesribeiro,2.0,Humain
syndbg,4.0,Humain
iwasaki-kenta,4.0,Humain
scottbedard,6.0,Humain
LukeTowers,4.0,Humain
Hypnosphi,5.0,Humain
wonderflow,5.0,Humain
csoltenborn,2.0,Humain
rminnich,3.0,Humain
jmrodri,3.0,Humain
faiface,3.0,Humain
markya0616,2.0,Humain
fredwangwang,1.0,Humain
matfish2,3.0,Humain
ClaraBuettner,3.0,Humain
doug-martin,3.0,Humain
askurydzin,3.0,Humain
w0rm,3.0,Humain
alshakero,3.0,Humain
daviscabral,1.0,Humain
aksonov,3.0,Humain
kud,5.0,Humain
vieron,3.0,Humain
silasdavis,2.0,Humain
tophsic,2.0,Humain
sabas,2.0,Humain
sfriedel,3.0,Humain
chris-ramon,4.0,Humain
bootstraponline,3.0,Humain
visualfc,3.0,Humain
cordoval,4.0,Humain
stephpy,2.0,Humain
mhchia,2.0,Humain
dingo-d,5.0,Humain
TriangleJuice,3.0,Humain
mhallin,3.0,Humain
alimanfoo,4.0,Humain
Namiii,5.0,Humain
nuxzero,2.0,Humain
soffchen,2.0,Humain
nadoo,1.0,Humain
BryanApellanes,3.0,Humain
drewsonne,5.0,Humain
KacperMadej,1.0,Humain
cvasseng,3.0,Humain
sixer1182,5.0,Humain
kortschak,3.0,Humain
gfinak,2.0,Humain
andrewimm,2.0,Humain
jdolitsky,2.0,Humain
mykola-mokhnach,3.0,Humain
scottcorgan,6.0,Humain
sawanoboly,6.0,Humain
Rikkola,2.0,Humain
jongmoon,1.0,Humain
jcraigk,5.0,Humain
Arkounay,2.0,Humain
integrii,4.0,Humain
shockey,4.0,Humain
jaqx0r,5.0,Humain
bartoszpietrzak1994,4.0,Humain
sequoiaat,1.0,Humain
Dylan-DPC,2.0,Humain
kinggoesgaming,2.0,Humain
jrobeson,3.0,Humain
lucaslorentz,2.0,Humain
ruimarinho,3.0,Humain
shamatar,2.0,Humain
Martin0809,2.0,Humain
tomkerkhove,6.0,Humain
cycjimmy,3.0,Humain
vlttnv,3.0,Humain
Gbuomprisco,5.0,Humain
ueokande,4.0,Humain
ondrej-fabry,4.0,Humain
DjebbZ,2.0,Humain
MortalFlesh,3.0,Humain
maciejtreder,3.0,Humain
dcousens,4.0,Humain
marjan-georgiev,2.0,Humain
tartley,2.0,Humain
junderw,2.0,Humain
nicolaasuni,5.0,Humain
ankurs,2.0,Humain
SML-MeSo,3.0,Humain
plazma-prizma,3.0,Humain
taku910,2.0,Humain
zsquareplusc,1.0,Humain
euvl,5.0,Humain
serpentcs-dev1,2.0,Humain
dbaeumer,5.0,Humain
deepakkumar1984,2.0,Humain
PuercoPop,1.0,Humain
davazp,5.0,Humain
kevinmehall,4.0,Humain
Tasteful,1.0,Humain
anntzer,5.0,Humain
icy,6.0,Humain
skyesx,1.0,Humain
dreampiggy,3.0,Humain
gavinorland,2.0,Humain
bailantaotao,2.0,Humain
fooontic,2.0,Humain
cuining,2.0,Humain
ajayns,3.0,Humain
dborsatto,3.0,Humain
ltparis2018,3.0,Humain
JimGreenberg,3.0,Humain
MindFlavor,4.0,Humain
sohamkamani,2.0,Humain
italolelis,5.0,Humain
rShetty,2.0,Humain
bgrainger,3.0,Humain
tarampampam,3.0,Humain
allencloud,3.0,Humain
genomics-geek,4.0,Humain
ymmt2005,4.0,Humain
dhollinger,2.0,Humain
amay077,3.0,Humain
schweitzdesign,2.0,Humain
tomreid76,5.0,Humain
AnthonyBloomer,3.0,Humain
samussiah,4.0,Humain
danedexF5,1.0,Humain
eed3si9n,6.0,Humain
mikem8361,2.0,Humain
garethahealy,4.0,Humain
kazuki43zoo,3.0,Humain
ebussieres,2.0,Humain
mwbutcher,1.0,Humain
zreichert,2.0,Humain
aelanman,3.0,Humain
MatthewDolan,6.0,Humain
sqweelygig,4.0,Humain
savage-engineer,2.0,Humain
tobilg,2.0,Humain
tyrchen,4.0,Humain
matthewhanson,6.0,Humain
sserrata,4.0,Humain
gerhardsletten,2.0,Humain
AVVS,6.0,Humain
sparhami,2.0,Humain
ponychicken,3.0,Humain
jonobr1,4.0,Humain
frezbo,1.0,Humain
maartenbreddels,5.0,Humain
MichaelAquilina,6.0,Humain
timfallmk,2.0,Humain
KaitCrawford,3.0,Humain
daschult,6.0,Humain
RikkiGibson,3.0,Humain
andersondalmina,4.0,Humain
juliabpp,2.0,Humain
tylertreat,2.0,Humain
stereobooster,3.0,Humain
jdeeburke,2.0,Humain
mikaoj,4.0,Humain
hamzahamidi,2.0,Humain
davesque,3.0,Humain
francisco-maciel,3.0,Humain
jpw547,2.0,Humain
edgurgel,5.0,Humain
dmacthedestroyer,2.0,Humain
dylans,2.0,Humain
MattHodge,3.0,Humain
pmarks,5.0,Humain
johngian,3.0,Humain
dipinhora,2.0,Humain
spartan218,1.0,Humain
ppolewicz,3.0,Humain
bwbeach,3.0,Humain
mickhansen,2.0,Humain
tim-speed,1.0,Humain
SeanHayes,3.0,Humain
beyerleinf,3.0,Humain
wessmith,5.0,Humain
dkent600,4.0,Humain
gerkovink,3.0,Humain
stefvanbuuren,5.0,Humain
genevieve,5.0,Humain
rowanjacobs,2.0,Humain
derkan,1.0,Humain
dgoodwin,2.0,Humain
csrwng,2.0,Humain
martindurant,3.0,Humain
matthewdfuller,3.0,Humain
fredliporace,2.0,Humain
mh-park,1.0,Humain
darrachequesne,2.0,Humain
boz,3.0,Humain
gustavosbarreto,3.0,Humain
cpu,4.0,Humain
brendan-ward,3.0,Humain
akrabat,3.0,Humain
t-kelly,3.0,Humain
jonathanmoore,3.0,Humain
scotttrinh,2.0,Humain
dylanpyle,2.0,Humain
varahash,1.0,Humain
nikhilym,2.0,Humain
tdewolff,3.0,Humain
liabru,2.0,Humain
Shouqun,2.0,Humain
smikula,2.0,Humain
hadjipantelis,2.0,Humain
topepo,6.0,Humain
slr71,4.0,Humain
dgassaway,1.0,Humain
mcdonc,4.0,Humain
bertjwregeer,2.0,Humain
prescottprue,4.0,Humain
hnovikov,1.0,Humain
Christina-Kang,1.0,Humain
samedder,2.0,Humain
akshayjshah,2.0,Humain
buschtoens,4.0,Humain
dfreeman,4.0,Humain
sumitkdey,1.0,Humain
mschuchard,1.0,Humain
texastoland,1.0,Humain
JamesHenry,4.0,Humain
jpcarzolio,3.0,Humain
tnrich,5.0,Humain
krystophv,3.0,Humain
oyed,4.0,Humain
waigani,3.0,Humain
colin-marshall,2.0,Humain
jayair,3.0,Humain
fetrarij,4.0,Humain
tiggerntatie,4.0,Humain
nazrhom,3.0,Humain
fzerorubigd,4.0,Humain
SirePi,1.0,Humain
ilexp,3.0,Humain
jamienoss,3.0,Humain
JoshKarpel,3.0,Humain
comtihon,2.0,Humain
GermanBluefox,6.0,Humain
Tanner-MS,1.0,Humain
wcjordan,1.0,Humain
wernerglinka,1.0,Humain
feltech,2.0,Humain
ZNick1982,2.0,Humain
Chethannp,1.0,Humain
frankus,4.0,Humain
Scrum,3.0,Humain
joelmartinez,3.0,Humain
nelio2k,2.0,Humain
heynext,2.0,Humain
norkans7,6.0,Humain
sharafian,5.0,Humain
jmmv,2.0,Humain
taralx,1.0,Humain
Mogball,4.0,Humain
kytrinyx,3.0,Humain
pstehlik,1.0,Humain
manofstick,2.0,Humain
iamcal,5.0,Humain
ARolek,2.0,Humain
mrmrs,5.0,Humain
heyzooi,3.0,Humain
Widdershin,3.0,Humain
staltz,5.0,Humain
kashike,3.0,Humain
sameb,1.0,Humain
jamiealquiza,6.0,Humain
grofit,3.0,Humain
OndraM,3.0,Humain
jridgewell,4.0,Humain
jkasten2,5.0,Humain
djhouseknecht,2.0,Humain
gliptak,2.0,Humain
WSmonkey,4.5,Humain
jessepeterson,2.0,Humain
istarkov,3.0,Humain
ludwigschubert,2.0,Humain
Ntonio36,2.0,Humain
maxbrunsfeld,6.0,Humain
Nightsd01,3.0,Humain
b4dnewz,4.0,Humain
anishkny,2.0,Humain
asyncanup,3.0,Humain
jpeach,3.0,Humain
zalmoxisus,4.0,Humain
rnojiri,2.0,Humain
ajoymajumdar,1.0,Humain
qoomon,3.0,Humain
michelvocks,2.0,Humain
Skarlso,4.0,Humain
abhinav,3.0,Humain
johnstill,2.0,Humain
zachferland,3.0,Humain
ryan-rs,4.0,Humain
kerrykimbrough,2.0,Humain
annstriganova,3.0,Humain
sseide,1.0,Humain
mitsuhiko,6.0,Humain
rmfitzpatrick,3.0,Humain
jrburke,3.0,Humain
Nihlus,5.0,Humain
luchotc,3.0,Humain
hanabi1224,3.0,Humain
vkcn,3.0,Humain
snakefoot,3.0,Humain
JDetmar,1.0,Humain
Hackerpilot,2.0,Humain
FireController1847,2.0,Humain
fent,2.0,Humain
cugini-dbx,1.0,Humain
greatislander,4.0,Humain
dabernathy89,4.0,Humain
jasonyin,1.0,Humain
lukasz-pyrzyk,4.0,Humain
peburrows,4.0,Humain
mattsb42-aws,3.0,Humain
bcomnes,5.0,Humain
futuregerald,3.0,Humain
calavera,3.0,Humain
editicalu,2.0,Humain
mhammond,3.0,Humain
jaffee,3.0,Humain
chessai,4.0,Humain
andrewthad,3.0,Humain
alexgrozav,3.0,Humain
MabezDev,2.0,Humain
mauricius,6.0,Humain
Shesekino,3.0,Humain
farskipper,6.0,Humain
csvenke,3.0,Humain
nkubala,3.0,Humain
grant-d,4.0,Humain
jcdickinson,2.0,Humain
lpinca,3.0,Humain
3rd-Eden,5.0,Humain
kvesteri,3.0,Humain
johnduarte,2.0,Humain
rdvelazquez,4.0,Humain
ztellman,2.0,Humain
MonkeyDZeke,3.0,Humain
dboskovic,3.0,Humain
pokoli,2.0,Humain
rodrigc,3.0,Humain
rmp135,2.0,Humain
pedrobaeza,5.0,Humain
kataras,4.0,Humain
lucasvo,2.0,Humain
justmoon,3.0,Humain
shomron,1.0,Humain
hdevalence,4.0,Humain
jimmynotjim,3.0,Humain
williamjamir,2.0,Humain
max3903,4.0,Humain
murtuzasaleh,3.0,Humain
gmyenni,3.0,Humain
felixfiskare,3.0,Humain
LJaraCastillo,2.0,Humain
wjgilmore,2.0,Humain
kaczmarj,3.0,Humain
ezesplit,1.0,Humain
patricioe,2.0,Humain
estambakio-sc,5.0,Humain
dustinmm80,3.0,Humain
sgnn7,6.0,Humain
fearthecowboy,4.0,Humain
tsloughter,3.0,Humain
andmos,3.0,Humain
arvenil,3.0,Humain
SolomoN-ua,2.0,Humain
kkemple,3.0,Humain
dchabot,2.0,Humain
newville,5.0,Humain
hhslepicka,3.0,Humain
jpic,4.0,Humain
wbhob,3.0,Humain
FezVrasta,4.0,Humain
bdunne,6.0,Humain
xz64,2.0,Humain
tcollignon,2.0,Humain
timperrett,3.0,Humain
kawych,2.0,Humain
cwtuan,1.0,Humain
pepyakin,3.0,Humain
dazuma,5.0,Humain
sschmidTU,2.0,Humain
0xfe,3.0,Humain
jonahgraham,3.0,Humain
eikenb,2.0,Humain
RobinBuschmann,3.0,Humain
nicknisi,2.0,Humain
wkeese,2.0,Humain
ababic,2.0,Humain
MarekKojder,1.0,Humain
alexlamsl,4.0,Humain
Link512,6.0,Humain
kood1,4.0,Humain
Ghnuberath,4.0,Humain
fm-tibco,1.0,Humain
palypster,2.0,Humain
cblomart,2.0,Humain
kristfal,1.0,Humain
rejas,3.0,Humain
mjpt777,5.0,Humain
roman01la,3.0,Humain
faizanahmad055,3.0,Humain
thiagobustamante,4.0,Humain
chuckdumont,3.0,Humain
sammynx,2.0,Humain
jalvz,3.0,Humain
tsurdilo,2.0,Humain
LuboTerifaj,1.0,Humain
gruberrolandvaltech,3.0,Humain
MatkovIvan,2.0,Humain
Naktibalda,3.0,Humain
masodu,3.0,Humain
MaikuB,3.0,Humain
dasiths,2.0,Humain
saniales,3.0,Humain
bitbager,3.0,Humain
zBritva,2.0,Humain
nical,3.0,Humain
akurilov,3.0,Humain
vanniktech,6.0,Humain
marc92w,2.0,Humain
GreLI,2.0,Humain
dkukharau,2.0,Humain
bjodah,3.0,Humain
Valodya,2.0,Humain
rashmigs1993,2.0,Humain
doroginin,2.0,Humain
osherdp,3.0,Humain
krasoffski,2.0,Humain
shekhardahore,2.0,Humain
thrawn01,3.0,Humain
phaazon,5.0,Humain
daniel-nichter,4.0,Humain
acouch,3.0,Humain
mattsgarlata,1.0,Humain
missinglink,5.0,Humain
vmx,3.0,Humain
achingbrain,5.0,Humain
bakoe,4.0,Humain
davegurnell,1.0,Humain
pvillega,4.0,Humain
eduardoboucas,6.0,Humain
unlucio,5.0,Humain
AaronHForgeFlow,2.0,Humain
bsnacks000,4.0,Humain
midnight-wonderer,2.0,Humain
bojeil-google,1.0,Humain
ngoldbaum,6.0,Humain
vperron,2.0,Humain
johnwmillr,3.0,Humain
javagl,3.0,Humain
Robdel12,3.0,Humain
andrew-boyarshin,2.0,Humain
hvanbakel,2.0,Humain
jdef,2.0,Humain
johannwagner,1.0,Humain
felixrindt,2.0,Humain
ssm,3.0,Humain
mafintosh,6.0,Humain
ianstormtaylor,6.0,Humain
0xjac,2.0,Humain
gutschilla,2.0,Humain
okartau,2.0,Humain
erikbarke,2.0,Humain
Tanc009,6.0,Humain
lyrixx,6.0,Humain
taflanidi,2.0,Humain
gastonprieto,2.0,Humain
artem-fedorov,2.0,Humain
shi-yuan,1.0,Humain
lekkas,3.0,Humain
ChadKillingsworth,4.0,Humain
jarun,3.0,Humain
Battenburg,3.0,Humain
rynam0,2.0,Humain
balintk,2.0,Humain
odrotbohm,4.0,Humain
CrossR,4.0,Humain
metaodi,3.0,Humain
iloveitaly,2.0,Humain
jzaleski,3.0,Humain
micvbang,3.0,Humain
markus-wa,2.0,Humain
erwinvaneyk,3.0,Humain
gmoura,1.0,Humain
zachmoody,1.0,Humain
Nyholm,6.0,Humain
mkorszun,3.0,Humain
nemesisdesign,5.0,Humain
rohithasrk,2.0,Humain
GuillaumeJasmin,3.0,Humain
jamesplease,5.0,Humain
dpb587-pivotal,2.0,Humain
CendioOssman,2.0,Humain
DirectXMan12,2.0,Humain
foxriver76,3.0,Humain
hippiehunter,2.0,Humain
aom,1.5,Humain
akyoto,6.0,Humain
divyenduz,4.0,Humain
apfelbox,3.0,Humain
dannyjacobs,2.0,Humain
phogel,3.0,Humain
nc6,3.0,Humain
TylerCarlson1,2.0,Humain
jbogard,3.0,Humain
riceric22,3.0,Humain
radu-matei,3.0,Humain
Niko-r,4.0,Humain
danschalow,3.0,Humain
justuseapen,3.0,Humain
messense,4.0,Humain
LKI,2.0,Humain
jaibatrik,2.0,Humain
mdantonio,3.0,Humain
mteodori,3.0,Humain
bhauman,1.0,Humain
riccardonar,2.0,Humain
kasparsd,6.0,Humain
izmmisha,1.0,Humain
frerich,1.0,Humain
Cascades,2.0,Humain
floehopper,6.0,Humain
roblopez,2.5,Humain
preaction,3.0,Humain
autarch,5.0,Humain
piotrmurach,5.0,Humain
vmchukky,3.0,Humain
chelm,4.0,Humain
BenoitZugmeyer,4.0,Humain
ttacon,6.0,Humain
j-f1,4.0,Humain
corbinu,1.0,Humain
JayVora-SerpentCS,1.0,Humain
tiliev,2.0,Humain
GuilhemN,3.0,Humain
dr-dimitru,4.0,Humain
beanieboi,4.0,Humain
gregsdennis,6.0,Humain
phamtuan2993,1.0,Humain
garraspin,1.0,Humain
davesmith00000,3.0,Humain
avasquez614,3.0,Humain
poy,2.0,Humain
mweststrate,4.0,Humain
jjd314,1.0,Humain
vberger,2.0,Humain
boopathi,3.0,Humain
cekk,4.0,Humain
daffidwilde,3.0,Humain
lafita,3.0,Humain
YannickJadoul,2.0,Humain
coelho,1.0,Humain
Jason3S,6.0,Humain
Mahsaap,2.0,Humain
janeeisenstein,2.0,Humain
Sacharified,3.0,Humain
jhkennedy,4.0,Humain
insomniacslk,3.0,Humain
ericsoderberghp,4.0,Humain
vasili-v,1.0,Humain
sudip-aubergine,5.0,Humain
tonivade,3.0,Humain
cpcloud,4.0,Humain
wesm,4.0,Humain
dbatiste,5.0,Humain
Hironsan,3.0,Humain
alixdamman,4.0,Humain
alisonjoseph,6.0,Humain
BoldMonday,1.0,Humain
seejamescode,2.0,Humain
StevenMaude,4.0,Humain
kb2623,2.0,Humain
dominikholler,1.0,Humain
sbidoul,3.0,Humain
lmignon,2.0,Humain
stalniy,2.0,Humain
supercodepoet,1.0,Humain
leleuj,3.0,Humain
juanlopez1,1.0,Humain
basvanbeek,2.0,Humain
afshin,5.0,Humain
laurentlb,2.0,Humain
alandonovan,2.0,Humain
jgrund,4.0,Humain
larsonjj,4.0,Humain
chazeon,3.0,Humain
omangin,3.0,Humain
iocanel,6.0,Humain
idubnori,4.0,Humain
narr,3.0,Humain
ppetrosh,2.0,Humain
nglasl,2.0,Humain
Sambego,4.0,Humain
mjs,2.0,Humain
Davo36,1.0,Humain
abetomo,2.0,Humain
slimslenderslacks,4.0,Humain
vaastav,2.0,Humain
jdsutherland,4.0,Humain
imedina,3.0,Humain
andy-zhangtao,3.0,Humain
skt44,1.0,Humain
shepmaster,6.0,Humain
carllerche,3.0,Humain
Drapegnik,4.0,Humain
stepancheg,4.0,Humain
DiegoRBaquero,6.0,Humain
GlenDC,4.0,Humain
udl,3.0,Humain
stephendonner,3.0,Humain
lawder,4.0,Humain
Helow19274,1.0,Humain
python273,2.0,Humain
j0tunn,2.0,Humain
nange,3.0,Humain
danez,3.0,Humain
henrylee2cn,3.0,Humain
diasbruno,2.0,Humain
RichardKnop,5.0,Humain
davehunt,3.0,Humain
JustBlackBird,3.0,Humain
everplays,3.0,Humain
tkruse,2.0,Humain
mbabker,4.0,Humain
mmerickel,3.0,Humain
swlkr,6.0,Humain
alexpan0610,4.0,Humain
dormando,1.0,Humain
shawnbot,6.0,Humain
dlipovetsky,2.0,Humain
senntyou,3.0,Humain
lamhieu-vk,4.0,Humain
maslianok,3.0,Humain
ericodell,1.0,Humain
ashleygould,2.0,Humain
celandro,1.0,Humain
andrehp,1.0,Humain
joshuaskelly,3.0,Humain
Chiiruno,2.0,Humain
bakape,6.0,Humain
stevepiercy,5.0,Humain
gedge,2.0,Humain
maxiwoj,2.0,Humain
SylwiaGargula,2.0,Humain
tisba,4.0,Humain
Julien-Molina,2.0,Humain
ben181231,3.0,Humain
mindthegab,2.0,Humain
jasonz1987,2.0,Humain
36degrees,6.0,Humain
nicolafranchini,1.0,Humain
DmitryBaranovskiy,2.0,Humain
kiereleaseuser,4.0,Humain
Senyoret1,3.5,Humain
FlyingBird95,3.0,Humain
smoench,2.0,Humain
Mulugruntz,2.0,Humain
scottinet,5.0,Humain
cryptobioz,2.0,Humain
vektah,6.0,Humain
displague,2.0,Humain
kevinadi,2.0,Humain
harti2006,1.0,Humain
rpl,2.0,Humain
whiskeysierra,3.0,Humain
gambol99,5.0,Humain
calum-chamberlain,3.0,Humain
adkerr,2.0,Humain
leejarvis,5.0,Humain
shin-,5.0,Humain
epheph,5.0,Humain
joeruello,6.0,Humain
BrockReece,5.0,Humain
brockpetrie,2.0,Humain
brarcher,4.0,Humain
cosven,2.0,Humain
mpsido,2.0,Humain
hanwen,3.0,Humain
mminns,2.0,Humain
b4b4r07,5.0,Humain
scrapper,1.0,Humain
j5ik2o,5.0,Humain
NOtherDev,5.0,Humain
epels,4.0,Humain
matkoch,3.0,Humain
kazuhikoarase,2.0,Humain
temsa,2.0,Humain
timglabisch,5.0,Humain
theofidry,3.0,Humain
duergner,2.0,Humain
danpersa,2.0,Humain
gdementen,3.0,Humain
dokato,2.0,Humain
mmoreram,4.0,Humain
palashmon,2.0,Humain
the-redback,2.5,Humain
martin31821,2.0,Humain
seven1986,2.0,Humain
thomas-crane,3.0,Humain
tianxiaoliang,3.0,Humain
mfherbst,3.0,Humain
dmitrizzle,4.0,Humain
tadashi-aikawa,3.0,Humain
glennsl,4.0,Humain
shahidhk,4.0,Humain
abz53378,5.0,Humain
terrycain,2.0,Humain
sonofmun,4.0,Humain
PonteIneptique,4.0,Humain
jayands,1.0,Humain
themasch,2.0,Humain
leonsenft,2.0,Humain
nomiddlename,2.0,Humain
1991wangliang,3.0,Humain
CarstenHollmann,6.0,Humain
kumakichi,2.0,Humain
davidgoli,5.0,Humain
arolson101,3.0,Humain
9seconds,5.0,Humain
anthonychu,3.0,Humain
vasturiano,6.0,Humain
archerzz,1.0,Humain
sdboyer,4.0,Humain
theckman,2.5,Humain
kevinburke,3.0,Humain
codingjoe,5.0,Humain
adhatama,5.0,Humain
leo,6.0,Humain
zibs,5.0,Humain
alexfernandez,2.0,Humain
aichholzer,3.0,Humain
chamerling,4.0,Humain
javabrett,2.0,Humain
probablyup,4.0,Humain
YOUR-WORST-TACO,3.0,Humain
deviantfero,5.0,Humain
ranjith-sg,2.0,Humain
astirpe,2.0,Humain
mariomka,3.0,Humain
lukasgraf,4.0,Humain
mar10,2.0,Humain
benbrown,4.0,Humain
elazar-lb,1.0,Humain
elazarl,2.0,Humain
jmartin82,2.0,Humain
julianschiavo,4.0,Humain
jcampbell05,3.0,Humain
Boris-Em,4.0,Humain
martinpaljak,2.0,Humain
moh-moola,5.0,Humain
itkovian,4.0,Humain
StefH,3.0,Humain
neargle,2.0,Humain
adamwaite,2.0,Humain
serathius,2.0,Humain
akosyakov,4.0,Humain
svenefftinge,4.0,Humain
YosuaHamonangan,2.0,Humain
obiot,2.0,Humain
Loque-,3.0,Humain
Lukas0907,2.0,Humain
foxbenjaminfox,3.0,Humain
hubo1016,3.0,Humain
louisgv,6.0,Humain
opichals,3.0,Humain
benborla,3.0,Humain
mgravell,4.0,Humain
NickCraver,6.0,Humain
zachborboa,2.0,Humain
zxol,2.0,Humain
NetanelBasal,3.0,Humain
madskristensen,5.0,Humain
AlanSl,3.0,Humain
geovanisouza92,3.0,Humain
SimonVT,2.0,Humain
zombieJ,5.0,Humain
asim,4.0,Humain
VeaaC,1.0,Humain
boxdot,2.0,Humain
emilianodellacasa,2.0,Humain
ypshenychka,1.0,Humain
Praveengostu,2.0,Humain
bboreham,6.0,Humain
abataub,6.0,Humain
lckr,3.0,Humain
dhirschfeld,2.0,Humain
fpoli,4.0,Humain
laumann,1.0,Humain
etingof,2.0,Humain
arnaudroger,4.0,Humain
c3dr0x,2.0,Humain
Gerrit0,2.0,Humain
Tobion,2.0,Humain
leth,4.0,Humain
tomwilkie,4.0,Humain
sushanthakumar,2.0,Humain
nirinchev,4.0,Humain
shytikov,4.0,Humain
rmeissner,3.0,Humain
Georgi87,2.0,Humain
haraldk,2.0,Humain
MrSerth,4.0,Humain
MihaiTabara,3.0,Humain
mrhead,6.0,Humain
barnabasJ,2.0,Humain
qvantor,3.0,Humain
gksinghjsr,2.0,Humain
gunnihinn,2.0,Humain
nbesimi,3.0,Humain
anistor,2.0,Humain
amckague,1.0,Humain
AlekseyMartynov,2.0,Humain
prolic,4.0,Humain
bwoebi,2.0,Humain
kelunik,4.0,Humain
troch,4.0,Humain
sjperkins,3.0,Humain
PizzaBrandon,2.0,Humain
SKalt,2.0,Humain
davetcc,3.0,Humain
sarahvc,2.0,Humain
roxana-muresan,2.0,Humain
scottgigante,5.0,Humain
pfitzseb,5.0,Humain
travigd,2.0,Humain
dmethvin-gov,2.0,Humain
annekainicUSDS,2.0,Humain
dhmlau,4.0,Humain
jbsmith7741,2.0,Humain
basst314,3.0,Humain
pvanlaar,1.0,Humain
timpalpant,2.0,Humain
vadimtsushko,2.0,Humain
vorce,4.0,Humain
aviau,4.0,Humain
stapelberg,4.0,Humain
nicoddemus,5.0,Humain
RonnyPfannschmidt,3.0,Humain
clarsonneur,4.0,Humain
ekaterina-nbl,2.0,Humain
poveden,2.0,Humain
pveentjer,4.0,Humain
dtantsur,2.0,Humain
mattstauffer,6.0,Humain
lserwatka,4.0,Humain
tj,3.0,Humain
RobinCK,5.0,Humain
satyaranjanp,1.0,Humain
sstok,4.0,Humain
mmews-n4,2.0,Humain
tmortagne,5.0,Humain
Propanu,2.0,Humain
asaskevich,2.0,Humain
clayreimann,2.0,Humain
michaelleeallen,1.0,Humain
niksy,3.0,Humain
sleto-it,2.0,Humain
vdboor,4.0,Humain
haroal,2.0,Humain
Victor804,2.0,Humain
amymcgovern,1.0,Humain
rsolorzano2410,3.0,Humain
jtuttle,2.0,Humain
reneklacan,2.0,Humain
dceejay,2.0,Humain
p-mongo,4.0,Humain
jakzal,3.0,Humain
mbjoseph,3.0,Humain
k1LoW,6.0,Humain
amasad,4.0,Humain
mzgoddard,3.0,Humain
EgorBo,3.0,Humain
hwd71,1.0,Humain
edbizarro,4.0,Humain
mmatczuk,6.0,Humain
yoshoku,5.0,Humain
wojtek0806,2.0,Humain
GromNaN,2.0,Humain
jc00ke,2.0,Humain
b3nl,2.0,Humain
rxaviers,2.0,Humain
mbacovsky,2.0,Humain
kidpixo,1.0,Humain
Xonshiz,2.0,Humain
darodi,2.0,Humain
dsanchezseco,1.0,Humain
jzaefferer,3.0,Humain
sernst,2.0,Humain
davidcassany,3.0,Humain
Karamuto,1.0,Humain
udos86,3.0,Humain
ajdapretnar,3.0,Humain
jwinzer,2.0,Humain
FinnStutzenstein,5.0,Humain
norio-nomura,4.0,Humain
jpsim,6.0,Humain
piotr-gawlowski,4.0,Humain
viljamis,5.5,Humain
bugalot,2.0,Humain
jmcs,3.0,Humain
brennerm,2.0,Humain
hutnikau,5.0,Humain
brandonocasey,3.0,Humain
jhoongo,2.0,Humain
jechols,5.0,Humain
niksajakovljevic,1.0,Humain
APwhitehat,1.0,Humain
thomseddon,2.0,Humain
mjsalinger,3.0,Humain
czyzby,4.0,Humain
krichter722,2.0,Humain
sf105,2.0,Humain
tumbarumba,2.0,Humain
henriquenfaria,5.0,Humain
samtstern,5.0,Humain
nschonni,6.0,Humain
artlomov,3.0,Humain
gnilrets,1.0,Humain
prmiles,2.0,Humain
edre,2.0,Humain
JRaspass,2.0,Humain
davidfischer,4.0,Humain
nelhage,3.0,Humain
chipbell4,5.0,Humain
monsieurtanuki,2.0,Humain
spyhunter99,2.0,Humain
dmwit,2.0,Humain
SmileyChris,2.0,Humain
brian-brazil,3.0,Humain
GabLeRoux,3.0,Humain
schmave,2.0,Humain
anselmbradford,5.0,Humain
contolini,3.0,Humain
irevirdis,3.0,Humain
andywer,3.0,Humain
otaviojava,5.0,Humain
commenthol,4.0,Humain
oleksandr-pavlyk,2.0,Humain
filipw,2.0,Humain
khellang,2.0,Humain
hynek,2.0,Humain
ariesdevil,1.0,Humain
alexis-via,2.0,Humain
tjwp,3.0,Humain
vrana,2.0,Humain
soumak77,4.0,Humain
briantq,1.0,Humain
willprice,3.0,Humain
faressoft,3.0,Humain
miha-stopar,1.0,Humain
walkermatt,2.0,Humain
jonataswalker,3.0,Humain
waylan,2.0,Humain
lanzagar,3.0,Humain
Amaimersion,5.0,Humain
Hyuchia,3.0,Humain
SBoudrias,2.0,Humain
kornelski,4.0,Humain
iwillspeak,2.0,Humain
eruiz,2.0,Humain
maffeyl,3.0,Humain
Apollon77,5.0,Humain
hampustagerud,3.0,Humain
MscrmTools,2.0,Humain
chshapiro,2.0,Humain
nfriedly,3.0,Humain
marionebl,5.0,Humain
Mmdixon,1.0,Humain
jameswnl,2.0,Humain
javan,5.0,Humain
akhila-raju,2.0,Humain
jschr,5.0,Humain
mkaz,4.0,Humain
Syndace,2.0,Humain
joker234,2.0,Humain
Mona62,4.0,Humain
dpvc,4.0,Humain
zorkow,6.0,Humain
rgritti,1.5,Humain
Lenka42,4.0,Humain
veronikaKochugova,3.0,Humain
jamescryer,2.0,Humain
waseem-h,5.0,Humain
paragonie-scott,2.0,Humain
brentvatne,6.0,Humain
zonyitoo,3.0,Humain
sevenTiny,3.0,Humain
bdwain,2.0,Humain
PLNech,3.0,Humain
MitkoTschimev,4.0,Humain
djzager,2.0,Humain
jpichon,2.0,Humain
bartolkaruza,3.0,Humain
trevorstephens,2.0,Humain
zidad,1.0,Humain
perry-mitchell,6.0,Humain
etix,3.0,Humain
DevYukine,3.0,Humain
JanOuborny,1.0,Humain
dimabory,2.0,Humain
vladikoff,6.0,Humain
FagnerMartinsBrack,3.0,Humain
karmi,3.0,Humain
Webdown404,2.0,Humain
holgerd77,5.0,Humain
dmarcuse,2.0,Humain
c0gent,3.0,Humain
xliiv,1.0,Humain
adamliter,2.0,Humain
deargle,4.0,Humain
desilinguist,4.0,Humain
diegoazh,2.0,Humain
orhanobut,2.0,Humain
StrahilKazlachev,1.0,Humain
bigopon,2.0,Humain
LordMike,3.0,Humain
jfitisoff,3.0,Humain
brianhie,2.0,Humain
yoavaa,4.0,Humain
TysonAndre,6.0,Humain
edjubuh,2.0,Humain
arcondello,5.0,Humain
nikolaiwarner,4.0,Humain
MurhafSousli,4.0,Humain
hunterlong,6.0,Humain
mikery,1.0,Humain
romaric-juniet,3.0,Humain
philips77,3.0,Humain
TorisanKitsune,3.0,Humain
rphillips,2.0,Humain
aaronlevy,2.0,Humain
tarmolov,2.0,Humain
ribice,3.0,Humain
francoispqt,3.0,Humain
jfcere,2.0,Humain
mads-hartmann,2.0,Humain
mharista,2.0,Humain
deepu105,5.0,Humain
aldeed,6.0,Humain
saudet,2.0,Humain
ARyaskov,3.0,Humain
VasiliyNovikov,1.5,Humain
Fonger,6.0,Humain
thijstriemstra,5.0,Humain
ToniA,1.0,Humain
christian-fei,6.0,Humain
chhsiao90,3.0,Humain
randy3k,5.0,Humain
Azuka,1.0,Humain
dchandekstark,4.0,Humain
jeremeamia,2.0,Humain
jgrandja,2.0,Humain
atian25,3.0,Humain
sdkottegoda,3.0,Humain
carsongee,4.0,Humain
wsmitchell3,1.0,Humain
AusIV,2.0,Humain
sh-waqar,1.0,Humain
leblancfg,2.0,Humain
dnalborczyk,3.0,Humain
Grinnz,3.0,Humain
synzen,4.0,Humain
ojkelly,3.0,Humain
mbloch1986,3.0,Humain
grelleum,5.0,Humain
malakaganga,3.0,Humain
JanTvrdik,6.0,Humain
glguy,3.0,Humain
jtdaugherty,3.0,Humain
pcarranza,3.0,Humain
davidtheclark,3.0,Humain
VladimirTechMan,2.0,Humain
lavrton,3.0,Humain
ear7h,2.0,Humain
gdey,2.0,Humain
phillipj,2.0,Humain
redboltz,2.0,Humain
jfcabral,2.0,Humain
ipolevoy,1.0,Humain
koloskof,1.0,Humain
ruifigueira,2.0,Humain
BeneStem,2.0,Humain
chkal,2.0,Humain
mbraak,2.0,Humain
Onno-Dirkzwager,4.0,Humain
JesKingDev,3.0,Humain
raymondfeng,4.0,Humain
Arkni,2.0,Humain
tterb,5.0,Humain
bnaras,2.0,Humain
alexsavio,3.0,Humain
garygreen,1.0,Humain
cferdinandi,3.0,Humain
cbusbey,3.0,Humain
frodofine,2.0,Humain
EthanEChristian,1.0,Humain
mrrodriguez,1.0,Humain
WilliamParker,1.0,Humain
santigimeno,2.0,Humain
xdumaine,4.0,Humain
erikeelde,2.0,Humain
thinkingserious,3.0,Humain
pascalberger,3.0,Humain
alloy,6.0,Humain
tagliala,4.0,Humain
robmadole,3.0,Humain
michaelplews,1.0,Humain
alejandrogallo,4.0,Humain
jsonmaur,2.0,Humain
kencheeto,3.0,Humain
zAfLu,1.0,Humain
kevinchalet,2.0,Humain
larskanis,3.0,Humain
tomplus,2.0,Humain
mhseiden,4.0,Humain
smtakeda,3.0,Humain
richtier,5.0,Humain
PierreQuentel,2.0,Humain
linyows,3.0,Humain
aswanipranjal,2.0,Humain
valeriocos,4.0,Humain
ShelbyZ,2.0,Humain
dkundel,3.0,Humain
zhi1ong,3.0,Humain
kamijin-fanta,3.0,Humain
hassansin,2.0,Humain
pkopac,5.0,Humain
astefanutti,6.0,Humain
betatim,6.0,Humain
athornton,5.0,Humain
jmettraux,4.0,Humain
sebcrozet,4.0,Humain
Ralith,3.0,Humain
mengxiong10,2.0,Humain
rocha,1.0,Humain
valscion,2.0,Humain
blakeembrey,6.0,Humain
ratson,2.0,Humain
TalAmuyal,2.0,Humain
slevy85,1.0,Humain
darenju,4.0,Humain
blacktop,4.0,Humain
didierfranc,6.0,Humain
colinmarc,2.0,Humain
johnmay,3.0,Humain
peter279k,5.0,Humain
mosen,2.0,Humain
jrjohnson,6.0,Humain
johnharris85,1.0,Humain
thebsdbox,3.0,Humain
michalkowal,3.5,Humain
joni2back,3.0,Humain
mantzas,3.0,Humain
skaji,3.0,Humain
cabauman,2.0,Humain
bezysoftware,2.0,Humain
rborer,1.0,Humain
JiaLiPassion,1.0,Humain
brandonbloom,5.0,Humain
ayiemba,2.0,Humain
uwolfer,2.0,Humain
cheton,5.0,Humain
lorencarvalho,2.0,Humain
iawia002,3.0,Humain
hachi8833,2.0,Humain
SamSaffron,4.0,Humain
aheckmann,3.0,Humain
gnestor,3.0,Humain
nicolaskruchten,4.0,Humain
gillesdemey,6.0,Humain
CaoZhongZ,2.0,Humain
Drenn1,2.5,Humain
jangler,3.0,Humain
asciimoo,3.0,Humain
WasabiFan,3.0,Humain
j9ac9k,2.0,Humain
dieu,1.0,Humain
johnynek,2.0,Humain
asifdxtreme,2.0,Humain
serhatbolsu,3.0,Humain
izeye,4.0,Humain
dyu,4.0,Humain
brandur,6.0,Humain
beardedeagle,2.0,Humain
braegelno5,1.0,Humain
tranchitam,3.0,Humain
slandelle,4.0,Humain
TheXDS,3.0,Humain
ejmr,1.0,Humain
zonuexe,3.0,Humain
apisit,6.0,Humain
maxekman,6.0,Humain
cat-bro,4.0,Humain
adamrauh,1.0,Humain
markmfredrickson,2.0,Humain
benthestatistician,2.0,Humain
ndbroadbent,4.0,Humain
ychin,2.0,Humain
Einenlum,3.0,Humain
antonmedv,3.0,Humain
kshcherban,1.0,Humain
jodosha,4.0,Humain
ajafff,4.0,Humain
kevin-greene-ck,4.0,Humain
no-man-is-an-island,5.0,Humain
kaatzee,2.0,Humain
etorreborre,3.0,Humain
ParallelTask,2.0,Humain
Breakthrough,2.0,Humain
demurgos,4.0,Humain
losfair,3.0,Humain
thomaspark,2.0,Humain
ash2k,3.0,Humain
williamboman,4.0,Humain
fabienvauchelles,4.0,Humain
itamaro,1.0,Humain
tsimbalar,4.0,Humain
jirenius,4.0,Humain
Jacse,5.0,Humain
Civil,2.0,Humain
mtesseract,2.0,Humain
PascalSchumacher,3.0,Humain
anthrotype,4.0,Humain
vadeg,2.0,Humain
motin,5.0,Humain
amit-sharma,2.0,Humain
spersson,1.5,Humain
mdh67899,1.0,Humain
nl5887,3.0,Humain
xmudrii,4.0,Humain
Ynhockey,2.0,Humain
ofernandezcr92,2.0,Humain
jricher,3.0,Humain
efatsi,2.0,Humain
shred,2.0,Humain
formiaczek,2.0,Humain
siu,2.0,Humain
guanqun,2.0,Humain
sunng87,3.0,Humain
yuripourre,3.0,Humain
Suremaker,2.0,Humain
webberig,2.0,Humain
rpearce,4.0,Humain
ngot,2.0,Humain
Grsmto,3.0,Humain
InquisitivePenguin,1.0,Humain
davebryson,1.0,Humain
zramsay,4.0,Humain
adrianbrink,2.0,Humain
melekes,4.0,Humain
ukstv,4.0,Humain
mariusvniekerk,4.0,Humain
ikalchev,2.0,Humain
vrom911,4.0,Humain
vcaesar,2.0,Humain
herpaderpaldent,4.0,Humain
nol13,2.0,Humain
rabbah,5.0,Humain
bartlangelaan,4.0,Humain
oxinabox,5.0,Humain
bdunks,2.0,Humain
JonGilmore,2.0,Humain
thecynic,1.0,Humain
Varorbc,1.0,Humain
Andryu,2.0,Humain
fleaz,3.0,Humain
0x1daniel,2.0,Humain
schachmett,2.0,Humain
reneeotten,3.0,Humain
davarravad,3.0,Humain
massimocode,2.0,Humain
jorgenhenrichsen,3.0,Humain
giampaolo,6.0,Humain
j-rewerts,6.0,Humain
zharpaz,1.0,Humain
mpostol,5.0,Humain
Zil0,2.0,Humain
non-Jedi,2.0,Humain
rpkilby,3.0,Humain
smortex,5.0,Humain
KiChjang,2.0,Humain
kevinsteves,2.0,Humain
francoischalifour,5.0,Humain
pravic,2.0,Humain
termoshtt,5.0,Humain
fortytw2,4.0,Humain
geek,4.0,Humain
Marsup,4.0,Humain
joshiste,4.0,Humain
markusenglund,4.0,Humain
halverneus,2.0,Humain
elharo,6.0,Humain
scls19fr,3.0,Humain
jbgi,3.0,Humain
LucasBadico,4.0,Humain
jeskew,3.0,Humain
hdorgeval,5.0,Humain
cowtowncoder,6.0,Humain
gen0cide,2.0,Humain
plutov,6.0,Humain
webbcam,2.0,Humain
dghubble,4.0,Humain
dgw,1.0,Humain
yutopp,2.0,Humain
josemduarte,3.0,Humain
gmf520,2.0,Humain
bluebill1049,6.0,Humain
TORISOUP,4.0,Humain
neuecc,3.0,Humain
nicolobruno,2.0,Humain
njwest,3.0,Humain
romelperez,3.0,Humain
amenzhinsky,3.0,Humain
NekR,2.0,Humain
shogo4405,4.0,Humain
keyki,3.0,Humain
ernscht,2.0,Humain
mscuthbert,3.0,Humain
Silverwolf90,6.0,Humain
elprans,3.0,Humain
Lodin,3.0,Humain
dingelish,2.0,Humain
OverloadUT,1.0,Humain
BuZZy1337,2.0,Humain
rtfpessoa,4.0,Humain
pauljohanneskraft,3.0,Humain
maximbaz,3.0,Humain
mpolden,4.0,Humain
danieldooley,2.0,Humain
michelaquino,5.0,Humain
kylegach,1.0,Humain
foxdonut,2.0,Humain
orenyodfat,3.0,Humain
rchl,4.0,Humain
aaronshaf,4.0,Humain
rmarren1,6.0,Humain
valentijnnieman,3.0,Humain
anpleenko,1.0,Humain
ChaseWiseman,2.0,Humain
olofk,2.0,Humain
ctalkington,3.0,Humain
mvdnes,2.0,Humain
suminb,3.0,Humain
andryuha49,2.0,Humain
Fokko,3.0,Humain
ferstl,2.0,Humain
mudassir0909,4.0,Humain
dbfannin,1.0,Humain
ghackett,6.0,Humain
gjunge,3.0,Humain
xmorera,2.0,Humain
oskarrough,4.0,Humain
HarveyKandola,2.0,Humain
krystiankaluzny,2.0,Humain
bodewig,3.0,Humain
srowen,3.0,Humain
JesusFreke,2.0,Humain
krzkaczor,5.0,Humain
Afterster,4.0,Humain
thepag,6.0,Humain
germanattanasio,5.0,Humain
reidmorrison,3.0,Humain
refractalize,3.0,Humain
talyguryn,5.0,Humain
zakird,3.0,Humain
manast,4.0,Humain
sheppard,3.0,Humain
boutell,4.0,Humain
itsachen,3.0,Humain
erdi,3.0,Humain
brownjava,2.0,Humain
andyjansson,2.0,Humain
chris-smith,2.0,Humain
rickywiens,1.0,Humain
HotelCalifornia,2.0,Humain
jasl,3.0,Humain
danaugrs,2.0,Humain
anwar6953,3.0,Humain
schipiga,3.0,Humain
ahmadiq,3.0,Humain
LiamKarlMitchell,1.0,Humain
arobase-che,2.0,Humain
hartzis,2.0,Humain
arun251,2.0,Humain
brian-nguyen,5.0,Humain
kevingentile,4.0,Humain
eddedd88,3.0,Humain
dmage,2.0,Humain
bparees,4.0,Humain
jeevatkm,4.0,Humain
satazor,5.0,Humain
aashish24,3.0,Humain
MilesMcBain,3.0,Humain
vreuter,5.0,Humain
surli,4.0,Humain
benjamin-bader,2.0,Humain
jkelvie,2.0,Humain
tonsky,2.0,Humain
oschwald,5.0,Humain
gosuri,2.0,Humain
Carl-Hugo,3.0,Humain
josemarluedke,3.0,Humain
flops,2.0,Humain
rodjek,4.0,Humain
clintonb,4.0,Humain
rbuels,3.0,Humain
adamchel,2.0,Humain
dburkhardt,2.0,Humain
drzraf,1.0,Humain
mellisio,2.0,Humain
iNecas,3.0,Humain
adamruzicka,3.0,Humain
NHDaly,3.0,Humain
bpodgursky,2.0,Humain
smysnk,1.0,Humain
jcornell123,1.0,Humain
richardsamuels,3.0,Humain
dpopp07,3.0,Humain
ffgalindo,5.0,Humain
ndpete,3.0,Humain
joelshawaddepar,1.0,Humain
tjcelaya,3.0,Humain
dekobon,4.0,Humain
vincentsarago,5.0,Humain
greenaddress,3.0,Humain
romanz,2.0,Humain
jettify,2.0,Humain
ahhh,2.0,Humain
DimaLiLongJi,4.0,Humain
GlennMatthys,2.0,Humain
Kukks,3.0,Humain
rafihm,2.0,Humain
michaelborchert,2.0,Humain
weieigao,1.0,Humain
linvi,2.0,Humain
MichaelKetting,3.0,Humain
filmil,2.0,Humain
stephenmcd,2.0,Humain
hcodes,4.0,Humain
johndatserakis,3.0,Humain
DeniseWalter,1.0,Humain
Maryom,2.0,Humain
Mazyod,5.0,Humain
sonota88,4.0,Humain
loxp,2.0,Humain
nblock,1.0,Humain
nickhingston,4.0,Humain
sanjid133,2.0,Humain
vlad-km,4.0,Humain
theotherphil,3.0,Humain
Zegnat,2.0,Humain
yanaga,2.0,Humain
abourget,2.0,Humain
piranna,3.0,Humain
autotelik,2.0,Humain
bidhan-a,2.0,Humain
ubergesundheit,4.0,Humain
lunemec,1.0,Humain
lnemsick-simp,3.0,Humain
arnoegw,1.0,Humain
ethanwhite,5.0,Humain
tbaliance,4.0,Humain
mvantellingen,3.0,Humain
kcooney,1.0,Humain
maier,5.0,Humain
morgant,2.0,Humain
dblock,5.0,Humain
sangleganesh,1.0,Humain
plouc,2.0,Humain
janvanrijn,3.0,Humain
michaeldwan,6.0,Humain
ktsn,5.0,Humain
jeromegamez,4.0,Humain
jmank88,4.0,Humain
KeithWoods,3.0,Humain
ferd,3.0,Humain
TheGeorge,2.0,Humain
namuyan,2.0,Humain
kaisellgren,2.0,Humain
close2,2.0,Humain
mila,4.0,Humain
theacodes,3.0,Humain
westurner,4.0,Humain
dstufft,4.0,Humain
JohnnyCrazy,2.0,Humain
dlouzan,1.0,Humain
juanpicado,4.0,Humain
bufferoverflow,2.0,Humain
kachayev,2.0,Humain
matsuo,3.0,Humain
harlow,3.0,Humain
antonybudianto,3.0,Humain
stiano,2.0,Humain
sergei-startsev,2.0,Humain
kt3k,5.0,Humain
tejainece,3.0,Humain
vlsi,2.0,Humain
prytoegrian,2.0,Humain
wouldsmina,1.0,Humain
nao-pon,6.0,Humain
fengmk2,4.0,Humain
macdonst,3.0,Humain
himrock922,2.0,Humain
mshibuya,1.0,Humain
jonaskello,3.0,Humain
BeyondEvil,4.0,Humain
FlorianWilhelm,3.0,Humain
abravalheri,4.0,Humain
deanmarchiori,1.0,Humain
adamhsparks,6.0,Humain
taras,3.0,Humain
WebReflection,5.0,Humain
wasabeef,4.0,Humain
reaperhulk,4.0,Humain
alex,6.0,Humain
FelixGail,2.0,Humain
olimpias,1.0,Humain
ldemailly,4.0,Humain
ahartikainen,2.0,Humain
joeaudette,3.0,Humain
euresti,1.0,Humain
dsander,2.0,Humain
komuw,5.0,Humain
czystyl,5.0,Humain
Cadene,2.0,Humain
teo-tsirpanis,2.0,Humain
sheerun,3.0,Humain
herom,1.0,Humain
sorawee,2.0,Humain
mmatloka,2.0,Humain
jiwen624,2.0,Humain
rodrigograca31,2.0,Humain
sstevenkang,3.0,Humain
AnthonySteele,3.0,Humain
slang25,2.0,Humain
Gallaecio,3.0,Humain
TrevorFarrelly,2.0,Humain
guillermooo,3.0,Humain
JacquiManzi,2.0,Humain
drewejohnson,3.0,Humain
tyrannosaurus-becks,3.0,Humain
gregturn,3.0,Humain
miloyip,3.0,Humain
nhumrich,2.0,Humain
ggarnier,4.0,Humain
WalternativE,2.0,Humain
peyerluk,4.0,Humain
reconbot,4.0,Humain
BoboTiG,5.0,Humain
i-like-robots,5.0,Humain
ofrobots,4.0,Humain
libotony,3.0,Humain
avaGitHubBot,1.0,Humain
botanicus,5.0,Humain
mrjonesbot,2.0,Humain
olgabot,6.0,Humain
paleolimbot,4.0,Humain
jeremyabbott,2.0,Humain
botovq,2.0,Humain
sagalbot,2.0,Humain
ursabot,1.0,Humain
knobotz,3.0,Humain
miabbott,2.0,Humain
p3x-robot,4.0,Humain
ericbottard,3.0,Humain
jbottigliero,4.0,Humain
JamesBotterill,1.0,Humain
macaca-bot,1.0,Humain
botimer,2.0,Humain
dabbott,6.0,Humain
jeffreymkabot,2.0,Humain
mobile-devx-github-bot,1.0,Humain
vaadin-bot,4.0,Humain
glickbot,1.0,Humain
dxrobot,2.0,Humain
sacloud-bot,5.0,Humain
RiotTranslateBot,2.0,Humain
bottlenecked,2.0,Humain
warmrobot,1.0,Humain
BloggerBust-bot,2.0,Humain
andreubotella,2.0,Humain
cristianbote,2.0,Humain
bbottema,4.0,Humain
jesusbotella,4.0,Humain
guillebot,1.0,Humain
ninjarobot,2.0,Humain
TheHipbot,1.0,Humain
TurekBot,2.0,Humain
tld-update-bot,2.0,Humain
bobotu,1.0,Humain
boenrobot,2.0,Humain
larrybotha,3.0,Humain
botandrose,4.0,Humain
KarishmaBothara,2.0,Humain
sarbbottam,3.0,Humain
ebot1234,2.0,Humain
botika,3.0,Humain
cjbottaro,1.0,Humain
tensorflow-graphics-github-robot,1.0,Humain
foxbot,2.0,Humain
nemobot,2.0,Humain
KittyBot,2.0,Humain
TheAIBot,4.0,Humain
BoTime,2.0,Humain
Orbots,1.0,Humain
iobotis,4.0,Humain
saibotsivad,2.0,Humain
jrbotros,3.0,Humain
botev,1.0,Humain
adrianbota,3.0,Humain
dawsbot,2.0,Humain
mikechabot,2.0,Humain
amitaekbote,1.0,Humain
cristina0botez,1.0,Humain
tibotiber,4.0,Humain
austbot,2.0,Humain
PerBothner,2.0,Humain
cbothner,4.0,Humain
ParthBarot-BoTreeConsulting,2.0,Humain
frankandrobot,2.0,Humain
ztalbot2000,2.0,Humain
brokenbot,3.0,Humain
charliesbot,3.0,Humain
wootsbot,4.0,Humain
glide-copybara-robot,1.0,Humain
UberOpenSourceBot,2.0,Humain
jjrobothamho,4.0,Humain
trax-robot,3.0,Humain
DustyTheBot,1.0,Humain
element-bot,3.0,Humain
bothra90,3.0,Humain
glotbot,2.0,Humain
jbobotek,1.0,Humain
ohbot,5.0,Humain
robotdan,5.0,Humain
xobotyi,4.0,Humain
gvisor-bot,2.0,Humain
KadoBOT,2.0,Humain
codeboten,5.0,Humain
robotmrv,1.0,Humain
graalvmbot,2.0,Humain
achoboter,3.0,Humain
usercont-release-bot,1.0,Humain
subotic,2.0,Humain
pabbott0,1.0,Humain
abbotware,2.0,Humain
todbot,2.0,Humain
sobotklp,1.0,Humain
breakingrobot,4.0,Humain
leontalbot,4.0,Humain
RobotPsykolog,2.0,Humain
pydio-bot,2.0,Humain
greenrobot,2.0,Humain
Julboteroc,1.5,Humain
makeflow-bot,1.0,Humain
brettchabot,3.0,Humain
wallabag-bot,1.0,Humain
scorebot,2.0,Humain
botzill,2.0,Humain
BotellaA,4.0,Humain
McGroover-Bottleneck,1.0,Humain
thomasbottonari,2.0,Humain
SegmentDestinationsBot,2.0,Humain
zartbot,1.0,Humain
alberto-bottarini,3.0,Humain
adelbot,1.0,Humain
antv-bot,1.0,Humain
RealmBot,1.0,Humain
filippobottega,1.0,Humain
neos-bot,3.0,Humain
netoffice-bot,1.0,Humain
alshaboti,1.0,Humain
abotiamnot,3.0,Humain
rybot666,1.0,Humain
RotemBot,1.0,Humain
izhrobot,1.0,Humain
mybit-bot,2.5,Humain
robotlolita,3.0,Humain
opensource-assist,1.5,Humain
wking-io,3.0,Humain
sonic-ios-dev,1.0,Humain
drj-io,2.0,Humain
Alexandre-io,1.0,Humain
Alban-io,4.0,Humain
afterwind-io,2.0,Humain
nhz-io,3.0,Humain
ylv-io,2.0,Humain
vlad-ion,1.0,Humain
btzr-io,4.0,Humain
manuel-di-iorio,2.0,Humain
globules-io,3.0,Humain
prologic,2.0,Humain
JDragovichAlertLogic,2.0,Humain
binarylogic,6.0,Humain
techknowlogick,4.0,Humain
logicminds,2.0,Humain
easylogic,5.0,Humain
Teknologica,5.0,Humain
customlogic,4.0,Humain
srikanthlogic,2.0,Humain
logic-building,2.0,Humain
FuzzicalLogic,5.0,Humain
SlowLogicBoy,1.0,Humain
viralogic,2.0,Humain
chasinglogic,5.0,Humain
bitsoflogic,1.0,Humain
azurelogic,2.0,Humain
QuLogic,4.0,Humain
IKnowLogic,2.0,Humain
millerlogic,2.0,Humain
Technologicat,6.0,Humain
FlickerLogicalStack,2.0,Humain
bilogic,1.0,Humain
nevrologica,4.0,Humain
Syed-SnapLogic,1.0,Humain
pslogic,1.0,Humain
afterlogic-support,2.0,Humain
scoder,4.0,Humain
MarcoDeJong,3.0,Humain
rzcoder,2.0,Humain
graemecode,5.0,Humain
colethecoder,1.0,Humain
giventocode,2.0,Humain
akcoder,1.0,Humain
fancycode,3.0,Humain
codecholeric,4.0,Humain
dcodeIO,2.0,Humain
codesoap,3.0,Humain
codelucas,2.0,Humain
lukencode,2.0,Humain
Anonycoders,3.0,Humain
prettycoder,3.0,Humain
codenrhoden,2.0,Humain
thecodeboss,3.0,Humain
TattdCodeMonkey,5.0,Humain
codeskyblue,3.0,Humain
crankycoder,3.0,Humain
coderanger,6.0,Humain
bpicode,3.0,Humain
cjcodes,2.0,Humain
haadcode,5.0,Humain
codeTom,2.0,Humain
codekiln,2.0,Humain
TraGicCode,2.0,Humain
seriouscoderone,2.0,Humain
typicode,3.0,Humain
jstacoder,3.0,Humain
ncode,3.0,Humain
codebynumbers,1.0,Humain
cursedcoder,3.0,Humain
codeandcats,3.0,Humain
NorthSeacoder,1.0,Humain
tk-codes,4.0,Humain
andrewmcodes,5.0,Humain
ncodes,3.0,Humain
fabiosantoscode,5.0,Humain
itai-codefresh,2.0,Humain
dipujscoder,2.5,Humain
codebude,3.0,Humain
codeforequity-at,3.0,Humain
codesmith14,3.0,Humain
Cr45hCode,3.0,Humain
CoderZhi,2.0,Humain
bxcodec,4.0,Humain
ChimeraCoder,2.0,Humain
picocodes,4.0,Humain
codemanki,2.0,Humain
codemaestro64,1.0,Humain
goodcode,2.0,Humain
faisaltheparttimecoder,2.0,Humain
yaroslav-codefresh,2.0,Humain
langecode,2.0,Humain
cspotcode,3.0,Humain
CodeClinch,1.0,Humain
justacodefan,1.0,Humain
X-Coder264,2.0,Humain
codesome,3.0,Humain
tricoder42,5.0,Humain
crazecoder,2.0,Humain
fubar-coder,3.0,Humain
coderkevin,3.0,Humain
ecocode,2.0,Humain
JWebCoder,3.0,Humain
Intellicode,4.0,Humain
ediblecode,3.0,Humain
codecounselor,5.0,Humain
codenamev,2.0,Humain
NamelessCoder,3.0,Humain
marcodejongh,2.0,Humain
ReToCode,3.0,Humain
codeworrior,1.0,Humain
abbeycode,3.0,Humain
asticode,3.0,Humain
src-code,2.0,Humain
chrisdotcode,2.0,Humain
CodeBaboon,2.0,Humain
rubenCodeforges,3.0,Humain
codenio,1.0,Humain
ncoden,5.0,Humain
CodeSandwich,2.0,Humain
ograycode,5.0,Humain
MiniCodeMonkey,5.0,Humain
astonbitecode,2.0,Humain
taylorcode,1.0,Humain
marcodeltutto,3.0,Humain
knowledgecode,3.0,Humain
CodeJuan,3.0,Humain
licode,1.5,Humain
codemayank,2.0,Humain
coderitual,2.0,Humain
Arcoders,3.0,Humain
CodeBrew28,5.0,Humain
code-farmz,2.0,Humain
codeDebugTest,4.0,Humain
VibhorCodecianGupta,2.0,Humain
ttpcodes,2.0,Humain
codenirvana,3.0,Humain
codekoala,2.0,Humain
DaveTCode,3.0,Humain
kescherCode,1.0,Humain
codeliner,3.0,Humain
coder2000,3.0,Humain
codearoni,3.0,Humain
HobbitCodes,2.0,Humain
Coder1304,1.0,Humain
ascoders,3.0,Humain
ApCoder123,3.0,Humain
lindycoder,2.0,Humain
codeshifu,4.0,Humain
Vicodex,1.5,Humain
codekie,4.5,Humain
chancancode,3.0,Humain
EdenCoder,3.0,Humain
escodel,2.0,Humain
Biacode,3.0,Humain
qwcode,3.0,Humain
splincode,3.0,Humain
briancodes,3.0,Humain
ivarcode,3.0,Humain
TAndraCode,4.0,Humain
printfcoder,2.0,Humain
codexpert,2.0,Humain
iamDecode,3.0,Humain
wcoder,3.0,Humain
coderdiaz,5.0,Humain
modularcoder,2.0,Humain
lambcode,1.0,Humain
rickycodes,3.0,Humain
code-crusher,2.0,Humain
jshencode,1.0,Humain
sunfishcode,6.0,Humain
SplotyCode,3.0,Humain
katelovescode,6.0,Humain
thecodejack,2.0,Humain
TheFriendlyCoder,3.0,Humain
codejet,1.0,Humain
yscoder,2.0,Humain
salarcode,2.0,Humain
cnicodeme,1.0,Humain
vincethecoder,3.0,Humain
codealchemy,6.0,Humain
codebeaulieu,1.0,Humain
codepb,4.0,Humain
codeBelt,3.0,Humain
codeodor,4.0,Humain
code-to-gold,2.0,Humain
Codesleuth,3.0,Humain
coderextreme,3.0,Humain
beatscode,2.0,Humain
lloricode,2.0,Humain
UplinkCoder,1.0,Humain
dabcoder,3.0,Humain
codeclinic,1.5,Humain
extcode,2.0,Humain
draftcode,2.0,Humain
t0xicCode,2.0,Humain
coderofsalvation,2.0,Humain
codepope,2.0,Humain
CodeLenny,4.0,Humain
grokcode,3.0,Humain
unicoder88,1.0,Humain
code4craft,3.0,Humain
code-smith,1.0,Humain
alsoicode,2.0,Humain
handcode,2.0,Humain
codedread,1.0,Humain
coderam,1.0,Humain
codekirei,4.0,Humain
theBuzzyCoder,1.0,Humain
rleigh-codelibre,3.0,Humain
nevescode,1.5,Humain
thecodershome,2.0,Humain
LazoCoder,1.0,Humain
Codeberg-AsGithubAlternative-buhtz,1.0,Humain
cyphercodes96,1.0,Humain
CoderHuo,2.0,Humain
exocode,1.0,Humain
dcode,2.0,Humain
codemonkey3045,2.0,Humain
codez,3.0,Humain
felixcodes,2.0,Humain
codeart1st,2.0,Humain
stklcode,2.0,Humain
codec-abc,3.0,Humain
lonelycode,3.0,Humain
TarCode,4.0,Humain
sky-code,5.0,Humain
codecowboy,1.0,Humain
hardworkingcoder,2.0,Humain
manojdcoder,2.0,Humain
codeswholesale,1.0,Humain
codeout,5.0,Humain
patchthecode,2.0,Humain
XenocodeRCE,2.0,Humain
robocoder,3.0,Humain
lordcodes,2.0,Humain
RebelCodeBase,4.0,Humain
spatocode,3.0,Humain
licodeli,2.0,Humain
codelipenghui,3.0,Humain
OpenCode,3.0,Humain
chibicode,6.0,Humain
diego-codes,2.0,Humain
spaghetticode,5.0,Humain
CaptainCodeman,3.0,Humain
codebrain,2.0,Humain
olegz-codefresh,4.0,Humain
juliacodez,2.0,Humain
codezizo,1.0,Humain
donotcodeit,3.0,Humain
bencodezen,5.0,Humain
carpecodeum,2.0,Humain
gloriousCode,1.0,Humain
codeninja,2.0,Humain
codemile,3.0,Humain
swiftcoder,1.0,Humain
dreamcodez,3.0,Humain
musicode,4.0,Humain
scottcode,1.0,Humain
psxcode,3.0,Humain
CodeWolf86,3.0,Humain
bahdcoder,3.0,Humain
KyorCode,2.0,Humain
Coder-256,1.0,Humain
codehippie1,2.0,Humain
fusillicode,3.0,Humain
codehearts,2.0,Humain
codediodeio,2.0,Humain
codeFareith,4.0,Humain
Avi-D-coder,2.0,Humain
noscode,2.0,Humain
TuxCoder,2.0,Humain
synercoder,3.0,Humain
codejanovic,3.0,Humain
mkcode,2.0,Humain
AlterCodex,3.0,Humain
coderzh,2.0,Humain
codedance,2.0,Humain
yousefcodes,2.0,Humain
miko-code,1.0,Humain
CodeAnimal,2.0,Humain
coneycode,2.0,Humain
pennycoder,1.5,Humain
JaneCoder,1.0,Humain
devcodewak,1.0,Humain
codeaholics,2.0,Humain
groovecoder,4.0,Humain
CodeTipsy,1.0,Humain
thncode,2.0,Humain
drillcoder,2.0,Humain
CodeStrings,1.0,Humain
amir3code,1.0,Humain
pwilczynskiclearcode,6.0,Humain
d0peCode,2.0,Humain
The-Code-Monkey,1.0,Humain
CoderLinLee,1.0,Humain
ruscoder,2.0,Humain
codergkd,1.0,Humain
codepandy,1.0,Humain
codependent,2.0,Humain
the-drunk-coder,2.0,Humain
OpenCoderX,1.0,Humain
Moro-Code,3.0,Humain
JoeCoderJC,1.0,Humain
codenamesubho,3.0,Humain
SwardCoder,1.0,Humain
ThisGuyCodes,3.0,Humain
jacksoncode,2.0,Humain
CodeGather,2.0,Humain
evilcode1,1.0,Humain
whereiscode,1.0,Humain
shamcode,1.0,Humain
ADLsourceCode,1.0,Humain
codeyash,2.0,Humain
dmgcodevil,2.0,Humain
UnquietCode,2.0,Humain
AlisCode,3.0,Humain
diezcode,1.0,Humain
perezcoder,2.0,Humain
KenticoDevTrev,2.0,Humain
JimLynchCodes,3.0,Humain
codemonkeyneo,1.0,Humain
AlariCode,3.0,Humain
php-coder,4.0,Humain
rahulraveendran15-coder,1.0,Humain
reBiocoder,1.0,Humain
Stefan-Code,2.0,Humain
GoogleCodeExporter,1.0,Humain
core-code,4.0,Humain
gnucoder,1.0,Humain
ZeeCoder,3.0,Humain
Leopoldthecoder,4.0,Humain
novumcoder,1.0,Humain
nCodefresh,1.0,Humain
lucode,1.0,Humain
SnehaCoder,2.0,Humain
leeycode,1.0,Humain
brahmscode,1.0,Humain
humblecoder,1.0,Humain
CodeXLmao,1.0,Humain
deadcoder0904,3.0,Humain
cubycode,1.0,Humain
Codeluck,1.0,Humain
codeweb,1.0,Humain
coderiekelt,4.0,Humain
de-code,4.0,Humain
goldcode88,1.0,Humain
RobustCoder,1.0,Humain
Yuricoden,2.0,Humain
CodeTeamLabs,1.0,Humain
code2learnit,1.0,Humain
codemastering,1.0,Humain
mats-claassen,3.0,Humain
CD-Clarke,2.0,Humain
Ross-Clark,2.0,Humain
sean-clayton,5.0,Humain
factom-clay,3.0,Humain
slawomir-brzezinski-at-clarksons,1.0,Humain
raoulmeroni-clab,2.0,Humain
Krzysztof-Cieslak,4.0,Humain
michael-ciniawsky,3.0,Humain
dbainbri-ciena,2.0,Humain
io-scalecube-ci,6.0,Humain
as-cii,5.0,Humain
jhm-ciberman,2.0,Humain
hex-ci,2.0,Humain
kenjones-cisco,2.0,Humain
dino-cikatic,1.0,Humain
vc-ci,1.0,Humain
itdependsnetworks,3.0,Humain
hexfusion,2.0,Humain
spideyfusion,3.0,Humain
infusion,2.0,Humain
mikrofusion,2.0,Humain
mintyfusion,1.0,Humain
360fusion,1.0,Humain
webprofusion-chrisc,3.0,Humain
nmattia-autoupdate,4.0,Humain
AutoSponge,2.0,Humain
BergAutomations,1.0,Humain
automationator,5.0,Humain
automenta,1.0,Humain
aws-sdk-go-automation,3.0,Humain
devautor,1.0,Humain
NetDevAutomate,1.0,Humain
synapticarbors,3.0,Humain
gaborsar,2.0,Humain
pratikborsadiya,1.0,Humain
bors-ltd,2.0,Humain
albertborsos,2.0,Humain
tiborsimko,4.0,Humain
gaborszakacs,1.0,Humain
borsboom,2.0,Humain
GaborSuranyi,1.0,Humain
mborsz,2.0,Humain
aborsu,3.0,Humain
tiborsaas,3.0,Humain
dnfclas,1.0,Humain
MichaelKohler,4.0,Humain
spinlock,2.0,Humain
grantjenks,2.0,Humain
anacrolix,5.0,Humain
alexbers,3.0,Humain
mewmew,5.0,Humain
basilhariri,3.0,Humain
Hugo101,1.0,Humain
hayesall,2.0,Humain
carloscuesta,5.0,Humain
kevva,4.0,Humain
robshakir,2.0,Humain
adriantran,2.0,Humain
dchenk,4.0,Humain
sarun87,2.0,Humain
DrMarcII,2.0,Humain
NathanWalker,3.0,Humain
bryanl,4.0,Humain
sdemos,3.0,Humain
rappdw,2.0,Humain
brianvoe,2.0,Humain
emilgoldsmith,4.0,Humain
nalesandro,2.0,Humain
izgeri,5.0,Humain
jasonrahm,1.0,Humain
wavebeem,3.0,Humain
pythoneer,2.0,Humain
vijaynalawade,1.0,Humain
retgits,3.0,Humain
dhillondeep,3.0,Humain
JunielKatarn,2.0,Humain
koher,4.0,Humain
bhazelton,4.0,Humain
defunctzombie,3.0,Humain
okdistribute,6.0,Humain
phliar,2.0,Humain
jtsage,3.5,Humain
floatdrop,4.0,Humain
magro,2.0,Humain
NathanSweet,3.0,Humain
adrake33,3.0,Humain
kristw,4.0,Humain
aydrian,2.0,Humain
yannickl88,2.0,Humain
heapwolf,5.0,Humain
reidsvilleneuve,2.0,Humain
donmccurdy,3.0,Humain
telegraphic,2.0,Humain
adamlacoste,1.0,Humain
matteosister,4.0,Humain
lipangit,2.0,Humain
msmathers,3.0,Humain
fanatid,3.0,Humain
aOrz,3.0,Humain
ryanwinchester,4.0,Humain
wendux,2.0,Humain
nox,3.0,Humain
awprice,2.0,Humain
TheKeymaster,2.0,Humain
sudodoki,3.0,Humain
Zak-C,4.0,Humain
mixmasala,6.0,Humain
danielgerlag,2.0,Humain
PauBenetPrat,1.0,Humain
rovansteen,5.0,Humain
aermakov-zalando,4.0,Humain
hjacobs,4.0,Humain
pbrant,1.0,Humain
nicolargo,2.0,Humain
svenkubiak,3.0,Humain
Peque,2.0,Humain
mxcl,4.0,Humain
jomonkj,3.0,Humain
hiqsol,4.0,Humain
jholt1,5.0,Humain
ptomasroos,5.0,Humain
Toflar,6.0,Humain
stevehu,6.0,Humain
yschimke,3.0,Humain
XVincentX,4.0,Humain
bartelink,3.0,Humain
Maks3w,6.0,Humain
jansiegel,3.0,Humain
KbWorks,1.0,Humain
wictorwilen,2.0,Humain
ymucystk,2.0,Humain
deoxxa,5.0,Humain
dulltz,5.0,Humain
mgrosperrin,2.0,Humain
ejmahler,2.0,Humain
upperwal,3.0,Humain
trevnorris,3.0,Humain
olgadanylova,1.0,Humain
ilgooz,5.0,Humain
tariq1890,2.0,Humain
koute,3.0,Humain
sergiodxa,4.0,Humain
caciobanu,3.0,Humain
zbranzov,2.0,Humain
ForbesLindesay,6.0,Humain
taleinat,2.0,Humain
mattdesl,6.0,Humain
menduo,1.0,Humain
rgieseke,2.0,Humain
chrisroadmap,2.0,Humain
mmetayer,5.0,Humain
kevinansfield,5.0,Humain
mixonic,3.0,Humain
cundd,3.0,Humain
milo,2.0,Humain
mstrazar,3.0,Humain
kaidiren,2.0,Humain
k0nserv,3.0,Humain
mcintyre321,1.0,Humain
fsmanuel,5.0,Humain
vunb,3.0,Humain
KorzunAV,3.0,Humain
iddan,4.0,Humain
joerick,4.0,Humain
hediyi,2.0,Humain
martinherweg,1.0,Humain
aertmann,5.0,Humain
Artemkaaas,2.0,Humain
jhurliman,2.0,Humain
NicolasRannou,3.0,Humain
eyedeekay,3.0,Humain
rmg,6.0,Humain
sam-github,4.0,Humain
bsweeney,1.0,Humain
loganfsmyth,2.0,Humain
mikbry,4.0,Humain
weavejester,3.0,Humain
SheetJSDev,2.0,Humain
aycabta,2.0,Humain
lufinkey,6.0,Humain
rowanwins,2.0,Humain
mfogel,4.0,Humain
dwsupplee,2.0,Humain
legal90,2.0,Humain
MahdiZareie,2.0,Humain
mosic,4.0,Humain
PaulLeCam,3.0,Humain
eXon,2.0,Humain
azhiltsov,1.0,Humain
sebastiandedeyne,4.0,Humain
nathanidp,1.0,Humain
juliens,2.0,Humain
EisenbergEffect,4.0,Humain
aloneguid,3.0,Humain
dwmkerr,4.0,Humain
Stewori,2.0,Humain
agronholm,2.0,Humain
mikeboers,3.0,Humain
nataly87s,3.0,Humain
iamacarpet,2.0,Humain
neverchanje,2.0,Humain
DavoudTaghawiNejad,3.0,Humain
KennethanCeyer,1.0,Humain
Tustin,2.0,Humain
emccorson,3.0,Humain
mikiobraun,2.0,Humain
samhed,2.0,Humain
yurijmikhalevich,2.0,Humain
faroit,4.0,Humain
crimsonred,2.0,Humain
trym,2.0,Humain
Sieg,3.0,Humain
TrySound,6.0,Humain
samonzeweb,2.0,Humain
cjus,4.0,Humain
sp00m,3.0,Humain
muthurathinam,2.0,Humain
darrelmiller,2.0,Humain
vadimavdeev,3.0,Humain
rantianhua,2.0,Humain
torkleyy,3.0,Humain
cgordon,1.0,Humain
isaacs,6.0,Humain
DirkMahler,6.0,Humain
obfischer,3.0,Humain
tats-u,2.0,Humain
k2kobayashi,2.0,Humain
jhecking,4.0,Humain
cheungpat,6.0,Humain
patrickjuchli,3.0,Humain
JelteF,6.0,Humain
kevinoliver,1.0,Humain
notlee,5.0,Humain
rasheedamir,3.0,Humain
kharanenka,3.0,Humain
aloisklink,4.0,Humain
slashdotdash,2.0,Humain
chrisburr,6.0,Humain
joaosamouco,2.0,Humain
takaishi,5.0,Humain
KarlLevik,2.0,Humain
Anthchirp,2.0,Humain
designfrontier,3.0,Humain
HyperBrain,3.0,Humain
clue,4.0,Humain
emekalites,4.0,Humain
paulfalgout,2.0,Humain
9il,3.0,Humain
smpl,3.0,Humain
estolfo,3.0,Humain
kurnevsky,2.0,Humain
kpp,2.0,Humain
menduz,3.0,Humain
gfursin,4.0,Humain
csholmes,3.0,Humain
noties,2.0,Humain
coryb,2.0,Humain
kris-nova,3.0,Humain
m-weigand,3.0,Humain
achilleas-k,5.0,Humain
Kuchiriel,1.0,Humain
kirsle,5.0,Humain
trusktr,3.0,Humain
blikblum,2.0,Humain
treshugart,5.0,Humain
adambkaplan,3.0,Humain
NorfairKing,2.0,Humain
CSVdB,1.0,Humain
emilymye,2.0,Humain
damsfx,1.0,Humain
tobias-kuendig,3.0,Humain
wernerkrauss,2.0,Humain
stevie-mayhew,3.0,Humain
redhatrises,3.0,Humain
johndgiese,5.0,Humain
interactivellama,4.0,Humain
jeremymeng,3.0,Humain
alileza,4.0,Humain
dherman,2.0,Humain
katbyte,5.0,Humain
hiyosi,2.0,Humain
tychoish,5.0,Humain
atgrau,2.0,Humain
licarth,3.0,Humain
mauroa,4.0,Humain
adalon,2.0,Humain
alexflav23,2.0,Humain
danielkaneider,2.0,Humain
minad,3.0,Humain
jserv,3.0,Humain
ender503,5.0,Humain
idan,3.0,Humain
Duerno,3.0,Humain
tnagler,3.0,Humain
tvatter,2.0,Humain
timbod7,2.0,Humain
davinci26,2.0,Humain
travisperson,2.0,Humain
LeeSmet,2.0,Humain
VictorVelarde,4.0,Humain
dcmouyard,3.0,Humain
Scotchester,3.0,Humain
kylebuch8,3.0,Humain
brigand,2.0,Humain
phoracek,3.0,Humain
sonnyp,3.0,Humain
shimizukawa,3.0,Humain
gajus,5.0,Humain
Domysee,2.0,Humain
julienbourdeau,4.0,Humain
tristan0x,5.0,Humain
aliak00,4.0,Humain
aazon,1.0,Humain
mmoll,3.0,Humain
dfahlander,3.0,Humain
michielpost,5.0,Humain
thiru,3.0,Humain
jonathansamines,2.0,Humain
stash,3.0,Humain
awaterma,1.0,Humain
bradylove,3.0,Humain
fredoboulo,2.0,Humain
brodybits,3.0,Humain
seanmcleod,1.0,Humain
NeilFraser,4.0,Humain
bsipocz,5.0,Humain
or-else,3.0,Humain
CampGareth,4.0,Humain
cornerman,5.0,Humain
georgikocev,1.0,Humain
can-soykarafakili,3.0,Humain
keilw,5.0,Humain
drnluz,4.0,Humain
Valve,5.0,Humain
Tzxhy,1.0,Humain
fsmirne,1.0,Humain
mbj4668,1.0,Humain
pselle,4.0,Humain
sharkdp,4.0,Humain
vitalets,2.0,Humain
srinandan,3.0,Humain
asnowfix,1.0,Humain
rmw2,4.0,Humain
megahertz,4.0,Humain
ekerwin,2.0,Humain
plentz,4.0,Humain
JakeChampion,6.0,Humain
yodalee,2.0,Humain
vasdeveloper,1.0,Humain
jlaine,4.0,Humain
davemorrissey,3.0,Humain
ftchirou,2.0,Humain
julien-moreau,2.0,Humain
fengzixu,2.0,Humain
EmilStenstrom,4.0,Humain
JKHeadley,3.0,Humain
ricmoo,3.0,Humain
dangilman,2.0,Humain
sibirrer,3.0,Humain
kyhavlov,4.0,Humain
dbernstein,2.0,Humain
Noofbiz,2.0,Humain
mmstick,4.0,Humain
brs17,3.0,Humain
JMPerez,2.0,Humain
wojcikstefan,2.0,Humain
GaretJax,2.0,Humain
film42,2.0,Humain
roobre,3.0,Humain
jhunt,5.0,Humain
satoshun00,5.0,Humain
jdmurphy,2.0,Humain
prestwich,4.0,Humain
developit,5.0,Humain
treblereel,2.0,Humain
sh4nks,3.0,Humain
adjackura,3.0,Humain
abpetkov,2.0,Humain
freeekanayaka,4.0,Humain
pzuraq,3.0,Humain
jbailey4,1.0,Humain
wmgroot,1.0,Humain
emmanvg,3.0,Humain
piedoom,2.0,Humain
tsherif,5.0,Humain
matiu,6.0,Humain
rabidgremlin,2.0,Humain
dmalan,2.0,Humain
raybooysen,1.0,Humain
jitsni,3.0,Humain
attilaolah,4.0,Humain
leeping,3.0,Humain
stebo85,5.0,Humain
eudangeld,4.0,Humain
koterpillar,5.0,Humain
ThibaultJanBeyer,2.0,Humain
rajatady,2.0,Humain
arnodel,2.0,Humain
joelddiaz,2.0,Humain
eugulixes,2.0,Humain
opoupeney,3.0,Humain
undera,4.0,Humain
puneetguptanitj,2.0,Humain
ticoann,3.0,Humain
yuyiguo,2.0,Humain
Calebjh,1.0,Humain
alexfreska,3.0,Humain
raquo,2.0,Humain
vernondegoede,3.0,Humain
modocache,3.0,Humain
practicingruby,4.0,Humain
luispadron,4.0,Humain
SergeyZhukovsky,2.0,Humain
bbondy,6.0,Humain
steelbrain,5.0,Humain
Gp2mv3,2.0,Humain
shantanugadgil,2.0,Humain
canavandl,2.5,Humain
sauln,4.0,Humain
lmcinnes,2.0,Humain
postelrich,1.0,Humain
ashishagg,2.0,Humain
jehiah,6.0,Humain
mreiferson,4.0,Humain
maoueh,3.0,Humain
slumnitz,2.0,Humain
burtonr,2.0,Humain
michaeltlombardi,3.0,Humain
Iristyle,4.0,Humain
dlech,5.0,Humain
seanmonstar,5.0,Humain
alecmocatta,4.0,Humain
technicalpickles,2.0,Humain
mccalluc,6.0,Humain
jbduncan,1.0,Humain
markusl,2.0,Humain
AlecAivazis,4.0,Humain
urso,2.0,Humain
zinid,2.0,Humain
migueldeicaza,3.0,Humain
stevenbenisek,2.0,Humain
matthiasblaesing,2.0,Humain
dbwiddis,2.0,Humain
floryst,4.0,Humain
danielestevez,2.0,Humain
CapacitorSet,3.0,Humain
djsg,1.0,Humain
michaelcmelton,2.0,Humain
horiuchi,3.0,Humain
kaspersorensen,4.0,Humain
LosD,1.0,Humain
voelzmo,2.0,Humain
david415,4.0,Humain
ncdc,2.0,Humain
catsby,4.0,Humain
fredvd,2.0,Humain
janpio,5.0,Humain
adamgibbons,6.0,Humain
krancour,4.0,Humain
v-makouz,2.0,Humain
mkleehammer,1.0,Humain
sgrove,4.0,Humain
paulolimarb,2.0,Humain
matt-peters,2.0,Humain
rrrene,3.0,Humain
drudru,2.0,Humain
michal-harish,3.0,Humain
twsouthwick,3.0,Humain
agentcooper,2.0,Humain
mofirouz,2.0,Humain
ignaciosplit,1.0,Humain
SenhorCastor,2.0,Humain
abstractj,2.0,Humain
jangaraj,3.0,Humain
jannyHou,2.0,Humain
virkt25,3.0,Humain
vtsykun,2.0,Humain
anyt,5.0,Humain
guilhermebruzzi,6.0,Humain
selwin,2.0,Humain
ggeisler,2.0,Humain
Shwetap05,2.0,Humain
ale7714,3.0,Humain
AWhetter,2.0,Humain
ebenenglish,2.0,Humain
killercup,4.0,Humain
zzak,4.0,Humain
gammazero,2.0,Humain
markets,6.0,Humain
jsastriawan,1.0,Humain
Ylianst,4.0,Humain
ebfull,3.0,Humain
calcmogul,4.0,Humain
norman,6.0,Humain
toddmeinershagen,2.0,Humain
edrpls,1.0,Humain
wavded,6.0,Humain
ChrisHines,2.0,Humain
danhenderson,2.0,Humain
jetic83,1.0,Humain
pookmish,5.0,Humain
slachiewicz,2.0,Humain
ask,6.0,Humain
ploxiln,4.0,Humain
crissdev,2.0,Humain
kyan001,3.0,Humain
seratch,6.0,Humain
xtuc,6.0,Humain
amilajack,5.0,Humain
kjvalencik,2.0,Humain
oscarotero,4.0,Humain
xnv,3.0,Humain
daisukenishino,2.0,Humain
lancedikson,5.0,Humain
rgov,2.0,Humain
riddell-stan,2.0,Humain
l3ku,3.0,Humain
AntJanus,6.0,Humain
ALRubinger,2.0,Humain
NickToropov,2.0,Humain
ryanflorence,3.0,Humain
peteshand,1.0,Humain
naofireblade,2.0,Humain
sp90,1.0,Humain
dmitrykurmanov,4.0,Humain
chucker,1.0,Humain
klaaz0r,4.0,Humain
lcobucci,4.0,Humain
vsch,6.0,Humain
patrickkettner,2.0,Humain
mikepugh,2.0,Humain
jwngr,3.0,Humain
ajayojha,2.0,Humain
tonyOreglia,1.0,Humain
jasonzajac,2.0,Humain
KeesCBakker,5.0,Humain
olt,3.0,Humain
billsegall,3.5,Humain
hangzws,2.0,Humain
pluma,4.0,Humain
Ngoguey42,3.0,Humain
dannyBies,3.0,Humain
zewa666,2.0,Humain
fax4ever,3.0,Humain
DavideD,5.0,Humain
astormnewrelic,4.0,Humain
sunnights,1.0,Humain
rayzhang0603,2.0,Humain
dunglas,5.0,Humain
fuzzmz,2.0,Humain
David-Desmaisons,3.0,Humain
owen-m1,2.0,Humain
a4abhishek,2.0,Humain
alechenninger,3.0,Humain
bserdar,2.0,Humain
MikeRalphson,5.0,Humain
renanborgez,5.0,Humain
Yogu,4.0,Humain
remcoros,2.0,Humain
jmccann,2.0,Humain
zbjornson,5.0,Humain
zvonicek,4.0,Humain
pavadeli,5.0,Humain
brocaar,3.0,Humain
sanex3339,3.0,Humain
tsayen,3.0,Humain
dagnir,2.0,Humain
akinsolb,1.0,Humain
urbim,3.0,Humain
andig,3.0,Humain
NikVolf,5.0,Humain
acoreyj,1.0,Humain
jnwng,3.0,Humain
msimonin,2.0,Humain
brozeph,5.0,Humain
chrisgarrity,3.0,Humain
broady,2.0,Humain
valpesendorfer,4.0,Humain
gdkrmr,2.0,Humain
nea,1.0,Humain
jinankjain,2.0,Humain
tikurahul,3.0,Humain
pgarbe,2.0,Humain
lukabratos,4.0,Humain
njugray,2.0,Humain
ivcosla,2.0,Humain
legastero,3.0,Humain
spaam,2.0,Humain
2xAA,4.0,Humain
mattmezza,3.0,Humain
huangminlinux,3.0,Humain
colinmollenhour,2.0,Humain
magopian,4.0,Humain
blueimp,4.0,Humain
hashknot,2.0,Humain
okushchenko,4.0,Humain
partim,3.0,Humain
me-no-dev,2.0,Humain
EranOfer,1.0,Humain
zjj2wry,4.0,Humain
charlieduong94,2.0,Humain
bergloman,3.0,Humain
timbru,4.0,Humain
anvyst,4.0,Humain
rnpoddor,1.0,Humain
unpete,4.0,Humain
rogers492,5.0,Humain
ares,3.0,Humain
valarauca,3.0,Humain
DylanPiercey,3.0,Humain
lozjackson,5.0,Humain
DTupalov,1.0,Humain
rajeshm7910,2.5,Humain
v1r0x,3.0,Humain
njbarrett,1.0,Humain
bfriesen,1.0,Humain
scross01,2.0,Humain
xiao,2.0,Humain
youknowjack,2.0,Humain
eugenioLopezRamos,4.0,Humain
dmichel1,3.0,Humain
lubber-de,2.0,Humain
skoczen,5.0,Humain
kylelogue,3.0,Humain
frankreno,2.0,Humain
emptywee,1.0,Humain
Evgeniy-L,1.0,Humain
tobami,2.0,Humain
vpavic,3.0,Humain
agnogueira,2.0,Humain
azat,3.0,Humain
austinpray,3.0,Humain
isnifer,2.0,Humain
cybergrind,2.0,Humain
pajaydev,1.0,Humain
Hinny,2.0,Humain
peterolson,3.0,Humain
sfackler,4.0,Humain
campoy,2.0,Humain
simongranger,2.0,Humain
UncleAndy,1.0,Humain
bp74,2.0,Humain
EECOLOR,5.0,Humain
Hoishin,3.0,Humain
jeroenransijn,3.0,Humain
clauderic,3.0,Humain
earlgreyz,3.0,Humain
lsorber,2.0,Humain
allburov,6.0,Humain
theianrobertson,2.0,Humain
mikegrima,2.0,Humain
bearcherian,5.0,Humain
ebshimizu,3.0,Humain
3cp,4.0,Humain
JulienMelissas,3.0,Humain
EricR,2.0,Humain
OndraZizka,2.5,Humain
jonbullock,2.0,Humain
rigor789,3.0,Humain
dfreedm,4.0,Humain
zimbatm,3.0,Humain
propulsor,2.0,Humain
bojand,3.0,Humain
markpokornycos,3.0,Humain
crookedneighbor,4.0,Humain
quinnjn,3.0,Humain
blacktaxi,2.5,Humain
oising,1.0,Humain
flyingpie,2.0,Humain
mellinoe,4.0,Humain
dpsoft,2.0,Humain
sebito91,3.0,Humain
QWp6t,3.0,Humain
yogeshgadge,2.0,Humain
ericdill,4.0,Humain
yoiang,5.0,Humain
jskelcy,2.0,Humain
akamensky,2.0,Humain
vcabbage,4.0,Humain
ancho,2.0,Humain
MightLin,2.0,Humain
cw-sakamoto,2.0,Humain
goncafa,4.0,Humain
vinicius0026,3.0,Humain
lirantal,3.0,Humain
AmyOlex,2.0,Humain
njsmith,3.0,Humain
christianalfoni,5.0,Humain
grawk,3.0,Humain
doomspork,4.0,Humain
eatkins,4.0,Humain
cllns,4.0,Humain
jeffkl,3.0,Humain
cfarm,3.0,Humain
theganyo,3.0,Humain
chewiebug,2.0,Humain
grzuy,4.0,Humain
djphillyg,3.0,Humain
guigrpa,6.0,Humain
burningice2866,2.0,Humain
alburdette619,1.0,Humain
LcTwisk,1.0,Humain
Tornhoof,2.0,Humain
jackjamieson2,2.0,Humain
kristerkari,3.0,Humain
jacobp100,2.0,Humain
mosha101,3.0,Humain
gautamsi,2.0,Humain
dnna,2.0,Humain
amwmedia,3.0,Humain
OrkhanAlikhanov,4.0,Humain
sstephenson,3.0,Humain
tolbertam,3.0,Humain
dougwilson,5.0,Humain
peritus,1.0,Humain
ps2,4.0,Humain
megastep,2.0,Humain
grayghostvisuals,2.0,Humain
E-B-Smith,3.0,Humain
tedivm,4.0,Humain
jcaip,2.0,Humain
dsghi,1.0,Humain
jnm2,3.0,Humain
AndrewRedican,3.0,Humain
jordanpadams,6.0,Humain
gregakinman,1.0,Humain
cjbassi,4.0,Humain
apls777,1.0,Humain
toshok,4.0,Humain
scott-wyatt,6.0,Humain
wwwdata,4.0,Humain
jung-kurt,2.0,Humain
sleepsonthefloor,2.0,Humain
parndt,5.0,Humain
mukeshsoni,3.0,Humain
ah-,2.0,Humain
jwkvam,3.0,Humain
b-admike,2.0,Humain
jorgebucaran,3.0,Humain
alexbbb,2.0,Humain
Soreine,5.0,Humain
pbiecek,4.0,Humain
ijazalise,2.0,Humain
CrowdHailer,4.0,Humain
RVenkatesh,3.0,Humain
fyrkant,4.0,Humain
gentledepp,1.0,Humain
Mimetis,3.0,Humain
saheienko,2.0,Humain
suhothayan,5.0,Humain
mikebrow,2.0,Humain
watson,6.0,Humain
blanquer,2.0,Humain
knownasilya,4.0,Humain
juanjoDiaz,2.0,Humain
rod-hynes,6.0,Humain
daddyz,2.0,Humain
vks,3.0,Humain
boxtown,2.0,Humain
kastermester,2.0,Humain
kelindar,2.0,Humain
jrbalderrama,2.0,Humain
tibetsprague,3.0,Humain
Kwpolska,3.0,Humain
st0012,3.0,Humain
alban,3.0,Humain
gberaudo,4.0,Humain
mihaitodor,3.0,Humain
g-arjones,3.0,Humain
austinkelleher,4.0,Humain
niemyjski,5.0,Humain
bobthecow,3.0,Humain
dantman,2.0,Humain
minarikg,2.0,Humain
althonos,3.0,Humain
coreybutler,3.0,Humain
ericpre,4.0,Humain
nehaljwani,4.0,Humain
kalefranz,6.0,Humain
msarahan,6.0,Humain
Havunen,5.0,Humain
dvtng,2.0,Humain
noelherrick,2.0,Humain
davidv1992,3.0,Humain
lawrencegripper,4.0,Humain
mjip,1.0,Humain
petersilva,2.0,Humain
houshengbo,3.0,Humain
rrati,2.0,Humain
Herringway,4.0,Humain
lovell,2.0,Humain
fuzzdota,2.0,Humain
slorber,3.0,Humain
alvaromb,2.0,Humain
mcwumbly,2.0,Humain
anEXPer,2.0,Humain
jlmelville,3.0,Humain
Tronald,3.0,Humain
ademarco,6.0,Humain
san650,3.0,Humain
stefaneberl,3.0,Humain
tbroyer,2.0,Humain
eamonnmcmanus,1.0,Humain
mariotoffia,2.0,Humain
phanrahan,2.0,Humain
carlocayos,2.0,Humain
alkondrashov,1.0,Humain
tphoney,4.0,Humain
shermdog,2.0,Humain
w8tcha,3.0,Humain
MartinRosserEB,2.0,Humain
relistan,3.0,Humain
focusaurus,6.0,Humain
x-NR-x,2.0,Humain
osg,2.0,Humain
stp-ip,3.0,Humain
frederoni,4.0,Humain
weixuanfu,3.0,Humain
aewallin,2.0,Humain
rdinicut,2.0,Humain
schloerke,6.0,Humain
sampotts,6.0,Humain
markmssd,3.0,Humain
pmuens,5.0,Humain
siddharthlatest,4.0,Humain
yeojz,3.0,Humain
ttezel,2.0,Humain
hanslovsky,2.0,Humain
axtimwalde,3.0,Humain
tpietzsch,4.0,Humain
maarzt,3.0,Humain
asoldano,3.0,Humain
stephanlindauer,6.0,Humain
trentmwillis,2.0,Humain
platinumazure,2.0,Humain
mdamien,3.0,Humain
boogheta,4.0,Humain
sebastianbergmann,6.0,Humain
willemstuursma,2.0,Humain
mnapoli,4.0,Humain
garyb,5.0,Humain
markerikson,2.0,Humain
edorivai,1.0,Humain
facetoe,3.0,Humain
alvin-reyes,2.0,Humain
stoneChen,2.0,Humain
ustbhuangyi,2.0,Humain
cdepillabout,4.0,Humain
mvidner,3.0,Humain
panaaj,2.0,Humain
kbahr,2.0,Humain
Casyfill,2.0,Humain
luboshl,2.0,Humain
mhart,3.0,Humain
terinjokes,2.0,Humain
nauvalazhar,2.0,Humain
bitwiseman,5.0,Humain
jvassev,1.0,Humain
Lyokone,2.5,Humain
adrianstevens,3.0,Humain
dicearr,2.0,Humain
fwigorcferreira,6.0,Humain
JohnEstropia,6.0,Humain
cspray,4.0,Humain
hbrunn,2.0,Humain
bluca,4.0,Humain
dlepaux,4.0,Humain
hariramsvnit,2.0,Humain
alexarchambault,6.0,Humain
mhilton,2.0,Humain
hmemcpy,2.0,Humain
mt-micky,4.0,Humain
chrisfarber,3.0,Humain
eliamaino-fp,3.0,Humain
AlexeyRaga,5.0,Humain
madmurphy,2.0,Humain
mdiep,5.0,Humain
argon,2.0,Humain
yaohaizh,2.0,Humain
joeferner,3.0,Humain
ZhipingYang,3.0,Humain
benureau,3.0,Humain
jedrzejchalubek,3.0,Humain
nojimage,1.0,Humain
ashleynolan,2.0,Humain
robinwassen,2.0,Humain
jantimon,2.0,Humain
edi9999,2.0,Humain
ceball,3.0,Humain
SvetoslavTsenov,4.0,Humain
nchammas,2.0,Humain
pmclanahan,1.0,Humain
philippfromme,3.0,Humain
caridy,2.0,Humain
ericf,4.0,Humain
doofin,2.0,Humain
securityclippy,2.0,Humain
fabienjuif,5.0,Humain
dmetzgar,2.0,Humain
ewinnington,2.0,Humain
amitzur,6.0,Humain
josetaira,2.0,Humain
jaredhanson,5.0,Humain
plusgut,3.0,Humain
NgoHuy,1.0,Humain
xiongchiamiov,2.0,Humain
aquynh,6.0,Humain
mrocklin,6.0,Humain
itsdalmo,4.0,Humain
bweston92,2.0,Humain
zaquestion,2.0,Humain
inokappa,4.0,Humain
mxsasha,2.0,Humain
lepture,3.0,Humain
leekelleher,3.0,Humain
ptrthomas,3.0,Humain
BlazZupan,2.0,Humain
loburm,2.0,Humain
nshumoogum,4.0,Humain
plribeiro3000,5.0,Humain
geemus,3.0,Humain
dks17,2.0,Humain
dbu,4.0,Humain
simonbrandhof,3.0,Humain
willemdj,1.0,Humain
jrichter1,2.0,Humain
barakman,4.0,Humain
warner,4.0,Humain
fassko,5.0,Humain
daltoniam,2.0,Humain
michaeltchapman,2.0,Humain
BenjaSanchez,4.0,Humain
IVANDOMENZAIN,4.0,Humain
oberstet,3.0,Humain
henrytk,3.0,Humain
superbobry,2.0,Humain
vlio20,2.0,Humain
dbashford,2.0,Humain
jordan-wright,2.0,Humain
Ladsgroup,3.0,Humain
RangerMauve,5.0,Humain
connorskees,5.0,Humain
jcesarmobile,4.0,Humain
pioneerskies,3.0,Humain
cbpowell,4.0,Humain
technomancy,2.0,Humain
thedevelobear,2.0,Humain
kvolkovich-sc,6.0,Humain
nicwortel,5.0,Humain
mjancarik,4.0,Humain
bogdan0083,1.0,Humain
Dan503,2.0,Humain
jfrolich,5.0,Humain
jorilallo,2.0,Humain
andrewbonney,4.0,Humain
Rotzbua,2.0,Humain
jrief,4.0,Humain
jthoms1,3.0,Humain
NMFR,3.0,Humain
moufmouf,6.0,Humain
jhalterman,3.0,Humain
klauspost,4.0,Humain
twiecki,2.0,Humain
jc275,1.0,Humain
SamueleCaprioli97,4.0,Humain
Digenis,2.0,Humain
overcat,3.0,Humain
sabeegrewal,2.0,Humain
mbrevda,1.0,Humain
samuel-girard,1.0,Humain
unaizorrilla,2.0,Humain
leosoto,3.0,Humain
pupunzi,2.0,Humain
Ruffio,1.0,Humain
cypriss,3.0,Humain
jenow,4.0,Humain
SiggyF,3.0,Humain
danreeves,3.0,Humain
rgolangh,2.0,Humain
alexandrebouthinon,2.0,Humain
Handyman,4.0,Humain
nikossvnk,3.0,Humain
cjh1,6.0,Humain
aschafers,1.0,Humain
NickSeagull,2.0,Humain
vetcher,3.0,Humain
kurtmckee,3.0,Humain
eduardo-rodrigues,3.0,Humain
fanyang1988,5.0,Humain
vidartf,5.0,Humain
chrisfosterelli,4.0,Humain
pablorsk,2.0,Humain
tampajohn,2.0,Humain
canard0328,1.0,Humain
datakurre,4.0,Humain
eigenfoo,3.0,Humain
kevin-montrose,3.0,Humain
RaimundasSakalauskas,5.0,Humain
edcarroll,6.0,Humain
kyriog,2.0,Humain
ariekahn,2.0,Humain
mattrbianchi,2.0,Humain
jhaenchen,3.0,Humain
stephen-hill,5.0,Humain
joehni,2.0,Humain
sergeyfrolov,2.0,Humain
MikaelEliasson,2.0,Humain
mtdowling,3.0,Humain
mtrea,1.0,Humain
aaronklaassen,5.0,Humain
alanfranz,3.0,Humain
nitaliano,2.0,Humain
aeneasr,5.0,Humain
tonyghita,4.0,Humain
aantron,4.0,Humain
mcjazzyfunky,3.0,Humain
thysultan,2.0,Humain
ngrandjean,1.0,Humain
winterland1989,2.0,Humain
yfuks,3.0,Humain
pavdmyt,3.0,Humain
kamikazechaser,2.5,Humain
yagop,3.0,Humain
nickdirienzo,2.0,Humain
joealcorn,6.0,Humain
tocsoft,3.0,Humain
yuewko,1.0,Humain
fghaas,4.0,Humain
RubenVerborgh,5.0,Humain
stve,3.0,Humain
VivekMChawla,4.0,Humain
and-semakin,3.0,Humain
b1naryth1ef,3.0,Humain
BioQwer,2.0,Humain
ide,5.0,Humain
ishepard,2.0,Humain
johnou,1.0,Humain
lukehutch,4.0,Humain
ggreer,5.0,Humain
chrisfarms,5.0,Humain
jeremyletang,4.0,Humain
omichelsen,2.0,Humain
millermedeiros,3.0,Humain
markvincze,2.0,Humain
diwic,2.0,Humain
benediktschmitt,1.0,Humain
matthewrmshin,4.0,Humain
hynekcer,2.0,Humain
kratob,2.0,Humain
hkdsun,5.0,Humain
IdoZilberberg,3.0,Humain
arcusfelis,3.0,Humain
AnneHommelberg,3.5,Humain
tcrowe,2.0,Humain
mvz,6.0,Humain
kpiwko,2.0,Humain
proofit404,3.0,Humain
rkern,2.0,Humain
indebanvdhamer,4.0,Humain
liszto,1.0,Humain
nicolaiarocci,5.0,Humain
dkellner,2.0,Humain
chihsuan,4.0,Humain
martijn00,6.0,Humain
sHesl,3.0,Humain
carlosalberto,3.0,Humain
mikebryant,3.0,Humain
MaartenDesnouck,2.0,Humain
samme,3.0,Humain
jameskermode,2.0,Humain
jbbarth,6.0,Humain
Rotarepmi,3.0,Humain
smnbbrv,2.0,Humain
xieziyu,1.0,Humain
xile611,3.0,Humain
kwry,1.0,Humain
fenollp,4.0,Humain
ronjouch,1.0,Humain
facelessuser,4.0,Humain
shuhaowu,2.0,Humain
balsama,2.0,Humain
steveoh,6.0,Humain
nihgwu,2.0,Humain
bvaughn,4.0,Humain
nickschot,5.0,Humain
blainekasten,4.0,Humain
jamesmh,2.0,Humain
championswimmer,5.0,Humain
livictoria,2.0,Humain
davidchin,5.0,Humain
whatyouhide,4.0,Humain
haifengl,3.0,Humain
a5anka,3.0,Humain
julianlam,5.0,Humain
jhermsmeier,5.0,Humain
lurch,2.0,Humain
alfonsogarciacaro,4.0,Humain
MangelMaxime,2.0,Humain
mportuga,2.0,Humain
giginet,4.0,Humain
MelbourneDeveloper,2.0,Humain
jarlopez,5.0,Humain
Bathtor,2.0,Humain
aparcar,4.0,Humain
peitschie,4.0,Humain
vandenoever,2.0,Humain
jaames,2.0,Humain
clamoriniere1A,2.0,Humain
chrisandreae,3.0,Humain
divyakoshy,6.5,Humain
loongy,3.0,Humain
AlexWheeler,2.0,Humain
mmazzarolo,4.0,Humain
billdeitrick,2.0,Humain
larsrh,4.0,Humain
LukaJCB,3.0,Humain
kenshinji,2.0,Humain
hdgarrood,4.0,Humain
redonkulus,2.0,Humain
fkleuver,5.0,Humain
giuscris,4.0,Humain
serggl,6.0,Humain
fraenki,3.0,Humain
Mongey,4.0,Humain
tgturner,4.0,Humain
mikestead,4.0,Humain
taligentx,2.0,Humain
steadicat,5.0,Humain
slewis74,3.0,Humain
michaelbazos,2.0,Humain
mitsutaka,2.0,Humain
justinseanmartin,1.0,Humain
yaakov-h,2.0,Humain
catamphetamine,1.0,Humain
justanr,2.0,Humain
jvanderberg,1.0,Humain
malled,1.0,Humain
Eomm,2.0,Humain
Daegalus,2.0,Humain
kaitoy,2.0,Humain
tommens,2.0,Humain
AlexandreDecan,2.0,Humain
lukeyouell,2.0,Humain
tariqdaouda,2.0,Humain
AliSoftware,3.0,Humain
jeffctown,2.0,Humain
ashwin31,2.0,Humain
japaric,5.0,Humain
Ullaakut,4.0,Humain
manueliglesias,2.0,Humain
GhostofGoes,3.0,Humain
vadimkaD,5.0,Humain
mgtriffid,1.0,Humain
qiangdavidliu,2.0,Humain
kcmr,6.0,Humain
hkantare,2.0,Humain
amanda-tarafa,4.0,Humain
cryptix,3.0,Humain
arj03,4.0,Humain
goetas,3.0,Humain
ivanvotti,3.0,Humain
dkhamsing,2.0,Humain
fanminshi,3.0,Humain
yogthos,3.0,Humain
devfeel,3.0,Humain
croomes,2.0,Humain
pwalczysko,2.0,Humain
aearly,2.0,Humain
csirmazbendeguz,2.0,Humain
phenaproxima,2.0,Humain
martin1cerny,3.0,Humain
OlegNadymov,1.0,Humain
throrin19,2.0,Humain
jayphelps,2.0,Humain
bfontaine,4.0,Humain
srmnitc,3.0,Humain
gpbl,6.0,Humain
boazsegev,2.0,Humain
njgheorghita,3.0,Humain
pipermerriam,6.0,Humain
ZachEddy,2.0,Humain
grissius,3.0,Humain
persapiens,6.0,Humain
rmpestano,4.0,Humain
wgerlach,3.0,Humain
jcustenborder,3.0,Humain
notwaldorf,5.0,Humain
brunobasto,2.0,Humain
jbalsas,3.0,Humain
diegonvs,3.0,Humain
MMatten,1.0,Humain
ismamz,3.0,Humain
smarlowucf,4.0,Humain
TobiasBg,2.0,Humain
RomanMinkin,2.0,Humain
mike-marcacci,6.0,Humain
jaydenseric,6.0,Humain
robdmoore,3.0,Humain
victorlei,2.0,Humain
chenyukang,3.0,Humain
elandau,2.0,Humain
karolz-ms,2.0,Humain
impronunciable,3.0,Humain
bjschoenfeld,2.0,Humain
favadi,4.0,Humain
supermarin,3.0,Humain
deadprogram,3.0,Humain
jpmckinney,6.0,Humain
cviecco,3.0,Humain
maxisam,1.0,Humain
luk6xff,1.0,Humain
MacKLess,4.0,Humain
floitsch,2.0,Humain
shaofu88,2.0,Humain
Firehed,5.0,Humain
andrerpena,3.0,Humain
wallymathieu,3.0,Humain
nateabele,2.0,Humain
LongLiveCHIEF,2.0,Humain
Ogeon,2.0,Humain
kzidane,2.0,Humain
danschultzer,6.0,Humain
cyli,4.0,Humain
robdodson,4.0,Humain
alice,2.0,Humain
EricDahlvang,2.0,Humain
guumaster,2.0,Humain
bmack,6.0,Humain
brettjurgens,2.0,Humain
Rob--W,2.0,Humain
jeffbski,3.0,Humain
stevenpkg,1.0,Humain
Oliver-I,1.0,Humain
mitchmason,1.0,Humain
txomon,2.0,Humain
brett19,3.0,Humain
jeancochrane,6.0,Humain
zpao,4.0,Humain
phumpal,4.0,Humain
asibross,3.0,Humain
martint,3.0,Humain
thebadmonkeydev,3.0,Humain
KayleePop,2.0,Humain
ttmarek,2.0,Humain
pmccarren,5.0,Humain
gyscos,2.0,Humain
natebosch,5.0,Humain
mk13,2.0,Humain
chalin,4.0,Humain
lpatino10,4.0,Humain
Sarkar,4.0,Humain
ibgreen,4.0,Humain
Corniel,2.0,Humain
aarondl,3.0,Humain
kitten,3.0,Humain
bradmartin,4.0,Humain
charlesmoore99,1.0,Humain
adamstruck,3.0,Humain
RWOverdijk,3.0,Humain
edouardmenayde,2.0,Humain
mp911de,5.0,Humain
statianzo,2.0,Humain
felixerdy,3.0,Humain
vladimir-kotikov,2.0,Humain
mvkara,1.0,Humain
blumu,2.0,Humain
nshahan,2.0,Humain
luisvt,2.0,Humain
JordanSussman,1.0,Humain
lintanghui,1.0,Humain
godu,5.0,Humain
cap10morgan,4.0,Humain
MarkusRabe,3.0,Humain
str4d,6.0,Humain
sppalkia,3.0,Humain
kattni,5.0,Humain
bloritsch,2.0,Humain
JacobEvelyn,4.0,Humain
acasademont,1.0,Humain
wtao-mux,2.5,Humain
kalwalkden,5.0,Humain
maxtaco,5.0,Humain
cboettig,6.0,Humain
javadev,2.0,Humain
cckelly,3.0,Humain
stuartaccent,3.0,Humain
dmlb2000,3.0,Humain
bekeles,2.0,Humain
depryf,3.0,Humain
shochdoerfer,2.0,Humain
e0ipso,2.0,Humain
camilamercado,3.0,Humain
geerteltink,5.0,Humain
williaster,2.0,Humain
devigned,3.0,Humain
myleshorton,6.0,Humain
bordoley,5.0,Humain
ericsink,3.0,Humain
gawel,2.0,Humain
JRod-Eiman,3.0,Humain
rkusa,6.0,Humain
cloudkite,2.0,Humain
huysentruitw,4.0,Humain
parlough,3.0,Humain
lucko,4.0,Humain
ajbogh,2.0,Humain
localredhead,2.0,Humain
JordonPhillips,3.0,Humain
sausman,2.0,Humain
lekosfmi,3.0,Humain
aoberoi,3.0,Humain
tbremer,3.0,Humain
Oceania2018,3.0,Humain
cag,3.0,Humain
artemy-osipov,2.0,Humain
erickpintor,4.0,Humain
marrony,3.0,Humain
vinkobedek,2.0,Humain
jacstn,2.0,Humain
guzzilar,2.0,Humain
AleBles,2.0,Humain
mikelax,2.0,Humain
c00kiemon5ter,2.0,Humain
anaisbetts,5.0,Humain
AlexWayfer,3.0,Humain
tmcgilchrist,3.0,Humain
Gama11,6.0,Humain
VladoLavor,4.0,Humain
ashok1994,2.0,Humain
helstern,3.0,Humain
greg-hellings,3.0,Humain
rolong,1.0,Humain
thrix,2.0,Humain
mprahl,3.0,Humain
ono,3.0,Humain
rushfrisby,1.0,Humain
jgromes,3.0,Humain
olance,2.0,Humain
bogdan,2.0,Humain
johnlcox,1.0,Humain
aravindakr95,3.0,Humain
yohangz,4.0,Humain
wallet77,4.0,Humain
johnl,3.0,Humain
tokengeek,6.0,Humain
benbowes,6.0,Humain
giraud,3.0,Humain
windyakin,3.0,Humain
indranilatcal,2.0,Humain
danielwertheim,3.0,Humain
pengrad,3.0,Humain
einavk,3.0,Humain
iaomw,2.0,Humain
llemeurfr,2.0,Humain
GiladShoham,3.0,Humain
gheeres,2.5,Humain
svenevs,2.0,Humain
henrygd,3.0,Humain
dualspiral,3.0,Humain
zml2008,4.0,Humain
ekarson,2.0,Humain
WarenGonzaga,2.0,Humain
eltonmesquita,3.0,Humain
n8sh,2.0,Humain
belka-ew,1.0,Humain
pdeffebach,1.0,Humain
bkamins,2.0,Humain
tanema,4.0,Humain
apokalyptik,2.0,Humain
eyalbe4,3.0,Humain
txs1992,2.0,Humain
jljsj33,4.0,Humain
beefchimi,3.0,Humain
weilix88,2.0,Humain
casperdcl,4.0,Humain
Erikvv,1.0,Humain
euank,5.0,Humain
shawnrice,6.0,Humain
grs,2.0,Humain
mapsam,5.0,Humain
nalimilan,3.0,Humain
oleurud,6.0,Humain
dgaubert,5.0,Humain
TheSharpieOne,3.0,Humain
kirrg001,4.0,Humain
sjkp,2.0,Humain
mthenw,4.0,Humain
Shynixn,3.0,Humain
prydie,2.0,Humain
awilsonCurt,3.5,Humain
singku,2.0,Humain
eriknelson,3.0,Humain
lmangani,4.0,Humain
jedisct1,6.0,Humain
Green7,1.0,Humain
dwrensha,3.0,Humain
drug007,2.0,Humain
xzkostyan,1.0,Humain
jperkelens,1.0,Humain
herrstucki,4.0,Humain
gabrieldoty,1.0,Humain
captainsidd,3.0,Humain
nrwiersma,3.0,Humain
calind,4.0,Humain
jkutner,5.0,Humain
chkr1011,2.0,Humain
wdm0006,2.0,Humain
knightsc,2.0,Humain
hiddentao,4.0,Humain
l0nax,2.0,Humain
opeongo,1.0,Humain
nickl-,2.0,Humain
c4milo,2.0,Humain
ssisil,1.0,Humain
franzliedke,3.0,Humain
skykelsey,6.0,Humain
tlovett1,4.0,Humain
brad,2.0,Humain
misi,2.0,Humain
midzer,2.0,Humain
thegecko,4.0,Humain
guybedford,5.0,Humain
milesj,5.0,Humain
pvasek,2.0,Humain
adelavega,4.0,Humain
coston,3.0,Humain
ostrolucky,4.0,Humain
polc,3.0,Humain
djdeath,2.0,Humain
Prash74,3.0,Humain
msimmer,4.0,Humain
pieroxy,2.0,Humain
bgentry,6.0,Humain
isaachier,3.0,Humain
koreno,2.0,Humain
maraino,6.0,Humain
jamescyeh,2.0,Humain
tknandu,1.5,Humain
Andrey1994,3.0,Humain
jvswatson,1.0,Humain
evhub,4.0,Humain
yhahn,5.0,Humain
LuckyNoS7evin,3.0,Humain
swiftyspiffy,2.0,Humain
NoahAndrews,5.0,Humain
rick,3.0,Humain
majormoses,6.0,Humain
yajra,4.0,Humain
dylanvorster,3.0,Humain
ishustava,2.0,Humain
blipson89,4.0,Humain
DerMika,2.0,Humain
martysweet,5.0,Humain
nussjustin,2.0,Humain
mediocregopher,2.0,Humain
timrogers,5.0,Humain
jterry75,3.0,Humain
felixb,2.0,Humain
black-adder,2.0,Humain
schuchard,3.0,Humain
omame,4.0,Humain
backtrader,2.0,Humain
RoslerWS,3.0,Humain
spencermountain,6.0,Humain
KarthikBhaskara,3.0,Humain
coddingtonbear,4.0,Humain
szimek,2.0,Humain
jonathanhperry,2.0,Humain
vercasson,3.0,Humain
natemccurdy,2.0,Humain
mrprim,2.0,Humain
justincormack,5.0,Humain
HuKeping,2.0,Humain
f,3.0,Humain
stakach,3.0,Humain
hfwang,2.0,Humain
kurtisvg,3.0,Humain
jennybc,4.0,Humain
jslegendre,2.0,Humain
zserge,3.0,Humain
AntonioJuliano,4.0,Humain
normanargueta,2.0,Humain
kazzkiq,2.0,Humain
krainboltgreene,4.0,Humain
mcfiredrill,6.0,Humain
mobileoverlord,5.0,Humain
tshort,2.0,Humain
tadesautels,1.0,Humain
pimterry,5.0,Humain
vieira,1.0,Humain
Toxicable,1.0,Humain
ddgenome,4.0,Humain
allejo,5.0,Humain
rolandshoemaker,3.0,Humain
asvishnyakov,4.0,Humain
mdholloway,3.0,Humain
ojizero,4.0,Humain
buddyspike,2.0,Humain
adieuadieu,4.0,Humain
masakik,4.0,Humain
paulondcdev,5.0,Humain
katmratliff,2.0,Humain
bemcdonnell,3.0,Humain
Jiadalee,1.0,Humain
tie-rack,3.0,Humain
theoephraim,2.0,Humain
kfarnung,3.0,Humain
qerub,2.0,Humain
maxharlow,3.0,Humain
asakusuma,2.0,Humain
andresmgot,3.0,Humain
berkerpeksag,2.0,Humain
astorije,3.0,Humain
msiemens,2.0,Humain
eugene-eeo,3.0,Humain
ericgio,4.0,Humain
chiradeep,2.0,Humain
gburgett,3.0,Humain
arturi,3.0,Humain
oyvindln,2.0,Humain
james-perretta,3.0,Humain
geneh,3.0,Humain
jeffmcaffer,3.0,Humain
ferrix,2.0,Humain
jjdelc,2.0,Humain
piotr-bajer,1.0,Humain
luboskmetko,2.0,Humain
ddunkin,4.0,Humain
tmsincomb,1.0,Humain
ksshetty,1.0,Humain
piotrwitek,3.0,Humain
rfk,4.0,Humain
maurizi,5.0,Humain
JeremySkinner,2.0,Humain
howbazaar,3.0,Humain
jvatic,3.0,Humain
ento,5.0,Humain
rickbergfalk,2.0,Humain
emerali,2.0,Humain
googollee,2.0,Humain
juancarlospaco,4.0,Humain
ba0f3,2.0,Humain
jarekwg,2.0,Humain
michalkurzeja,2.0,Humain
seb-b,2.0,Humain
zbateson,2.0,Humain
bneumann,2.0,Humain
vict-shevchenko,2.0,Humain
mikeerickson,2.0,Humain
erickt,3.0,Humain
QueenieMar,3.5,Humain
aapomm,5.0,Humain
Brian-McBride,2.0,Humain
ota42y,4.0,Humain
berney,2.0,Humain
sshipway,4.0,Humain
aelsabbahy,2.0,Humain
jmacd,3.0,Humain
HinTak,2.0,Humain
zhangqiangoffice,2.0,Humain
philipc,3.0,Humain
fitzgen,5.0,Humain
piperRyan,3.0,Humain
sagebind,5.0,Humain
koral--,6.0,Humain
jdemeyer,4.0,Humain
stijnmoreels,3.0,Humain
hsanjuan,5.0,Humain
ekzhu,2.0,Humain
nickmessing,3.0,Humain
repeatedly,4.0,Humain
awalterschulze,4.0,Humain
notzippy,2.0,Humain
bukhsh,2.0,Humain
LostCrew,5.0,Humain
casesandberg,4.0,Humain
naqvitalha,3.0,Humain
dominikh,3.0,Humain
rohan-varma,3.0,Humain
ikeough,2.0,Humain
petrsloup,4.0,Humain
danigb,4.0,Humain
grlee77,3.0,Humain
MAliM1988,1.0,Humain
customcommander,2.0,Humain
okuryu,1.0,Humain
liveforeverx,2.0,Humain
ylon,2.0,Humain
bartvde,3.0,Humain
highsource,4.0,Humain
nikunjkotecha,1.0,Humain
yuvalif,2.0,Humain
dtmilano,2.0,Humain
Xor-el,2.0,Humain
EmmaJP,1.0,Humain
publicarray,3.0,Humain
akoeplinger,5.0,Humain
ianchesal,2.0,Humain
GiridharanNarayanan,2.0,Humain
martinlissmyr,2.0,Humain
reox,2.0,Humain
moodmosaic,1.0,Humain
thumphries,6.0,Humain
sho-87,2.0,Humain
denesb,2.0,Humain
dahankzter,2.0,Humain
gwils,3.0,Humain
DQinYuan,2.0,Humain
michalbundyra,5.0,Humain
TomHAnderson,5.0,Humain
certik,4.0,Humain
vladbarosan,2.0,Humain
soulseekah,3.0,Humain
nepalez,5.0,Humain
dsmorse,1.0,Humain
shuttle1987,4.0,Humain
janko,3.0,Humain
mcarmonaa,4.0,Humain
jfontan,4.0,Humain
itsmichaeldiego,4.0,Humain
am-kantox,5.0,Humain
pi-r-p,3.0,Humain
doloopwhile,2.0,Humain
shimberger,2.0,Humain
mbest,1.0,Humain
peterbourgon,3.0,Humain
milhidaka,6.0,Humain
errordeveloper,5.0,Humain
dlespiau,5.0,Humain
andymsuk,4.0,Humain
Algunenano,4.0,Humain
alisdairjsmyth,3.0,Humain
alterphp,2.0,Humain
leastprivilege,4.0,Humain
db7,4.0,Humain
0x53A,2.0,Humain
AnthonyLloyd,2.0,Humain
benmccann,3.0,Humain
ArtSabintsev,5.0,Humain
yehjxraymond,3.0,Humain
wrfly,2.0,Humain
ADmad,5.0,Humain
davidyell,3.0,Humain
catbaron0,2.0,Humain
blueset,2.0,Humain
wvangeit,3.0,Humain
StephenVavasis,1.0,Humain
newpavlov,2.0,Humain
glerchundi,3.0,Humain
KengoTODA,3.0,Humain
h3xstream,3.0,Humain
RehanSaeed,3.0,Humain
johnrutherford,2.0,Humain
seb86,4.0,Humain
michaelchu,2.0,Humain
ermakovich,3.0,Humain
tir38,6.0,Humain
giuseppeg,3.0,Humain
cliedeman,2.0,Humain
smk508,3.0,Humain
dasulit,1.0,Humain
tristen,6.0,Humain
st-h,2.0,Humain
simonpasquier,4.0,Humain
hueniverse,4.0,Humain
dave-irvine,4.0,Humain
cchantep,3.0,Humain
bnomei,5.0,Humain
Igloczek,3.0,Humain
Spea,1.0,Humain
scientistnik,2.0,Humain
Stranger6667,4.0,Humain
dmitshur,4.0,Humain
keithamus,6.0,Humain
hacdias,5.0,Humain
jacquestvanzuydam,1.0,Humain
matrixik,2.0,Humain
sriv,3.0,Humain
BugDiver,3.0,Humain
graphaelli,3.0,Humain
ErikHellman,2.0,Humain
KeithGillette,1.0,Humain
adamkleingit,2.0,Humain
rabelenda,1.0,Humain
BorisOsipov,2.0,Humain
vogloblinsky,4.0,Humain
zoul0813,2.0,Humain
icebob,6.0,Humain
artero,4.0,Humain
malachy-mcconnell,1.0,Humain
geerzo,1.0,Humain
reidcooper,4.0,Humain
ceehaupt,1.0,Humain
axten,2.0,Humain
llllllllll,4.0,Humain
m-pilia,2.0,Humain
samcook,2.0,Humain
carltongibson,4.0,Humain
pavel-b-novikov,3.0,Humain
ltcmelo,1.5,Humain
daveaglick,4.0,Humain
Zizzamia,2.0,Humain
EvanHerman,2.0,Humain
yyuu,3.0,Humain
justinbastress,2.0,Humain
clayzim,1.5,Humain
szook,1.5,Humain
carlpett,2.0,Humain
ninjaahhh,3.0,Humain
olix0r,3.0,Humain
ORESoftware,4.0,Humain
SSheldon,4.0,Humain
thomasfredericks,1.0,Humain
ashmaroli,3.0,Humain
pathawks,3.0,Humain
Pierstoval,2.0,Humain
bretterer,2.0,Humain
chilijung,3.0,Humain
portellaa,2.0,Humain
Zaid-Ajaj,4.0,Humain
Gimly,2.0,Humain
pjlsergeant,1.0,Humain
tompng,4.0,Humain
aberkow,3.0,Humain
UsulPro,4.0,Humain
tjamet,2.0,Humain
yuce,4.0,Humain
bajtos,5.0,Humain
twada,3.0,Humain
p0nce,2.0,Humain
ohtangza,4.0,Humain
toddpalino,1.0,Humain
mzwiessele,4.0,Humain
DimitarTodorov,3.0,Humain
sjqnn,1.0,Humain
WillSewell,5.0,Humain
RubenJacobse,1.0,Humain
ProfHoekstra,1.0,Humain
Roger-luo,6.0,Humain
dariuszseweryn,2.0,Humain
jumph4x,2.0,Humain
kcathey,1.0,Humain
hustcc,3.0,Humain
ansasaki,2.0,Humain
annismckenzie,1.0,Humain
nathanschile,1.0,Humain
zqfan,2.0,Humain
rdp,3.0,Humain
MikhailTymchukDX,2.0,Humain
mwcz,4.0,Humain
thesocialdev,2.0,Humain
mjackson,4.0,Humain
ndrwrbgs,2.0,Humain
davidraythompson,1.0,Humain
aalexand,1.0,Humain
FoggyFinder,1.0,Humain
Happypig375,2.0,Humain
jonathantneal,4.0,Humain
jonbern,5.0,Humain
james-lawrence,2.0,Humain
mkeeler,3.0,Humain
Marwes,3.0,Humain
chemerisuk,4.0,Humain
greg0ire,5.0,Humain
Kcnarf,2.0,Humain
mission-liao,3.0,Humain
Cameron-C-Chapman,4.0,Humain
janczer,2.0,Humain
humblec,2.0,Humain
amarts,4.0,Humain
obnoxxx,2.0,Humain
aravindavk,2.0,Humain
MiguelSavignano,3.5,Humain
jiffyclub,3.0,Humain
ikatyang,3.0,Humain
marci4,2.0,Humain
Koka,3.0,Humain
absolute8511,2.0,Humain
tinyfive,2.0,Humain
jacksontj,3.0,Humain
sksq96,2.0,Humain
drmohundro,3.0,Humain
rixx,6.0,Humain
raphaelm,6.0,Humain
sobolevn,6.0,Humain
dabercro,2.0,Humain
troshko111,1.0,Humain
ortuman,2.0,Humain
keeganstreet,2.0,Humain
maxime-rainville,6.0,Humain
ItalyPaleAle,3.0,Humain
zaidka,1.0,Humain
jamescgibson,2.0,Humain
Lonami,4.0,Humain
BigBlueHat,3.0,Humain
TroyAlford,3.0,Humain
puzrin,3.0,Humain
paulcwarren,2.0,Humain
daffl,6.0,Humain
david-yz-liu,2.0,Humain
consideRatio,6.0,Humain
menshikh-iv,3.0,Humain
DanielYKPan,3.0,Humain
doublestranded,4.0,Humain
nikhila05,2.0,Humain
ksatchit,4.0,Humain
bryanyang0528,2.0,Humain
ConnorRigby,3.0,Humain
nathanwoulfe,2.0,Humain
zedd45,2.0,Humain
insightindustry,5.0,Humain
